web-scraper-order,web-scraper-start-url,shipthumb-src
"1599761826-229","https://azurlane.koumakan.jp/List_of_Ships_by_Image","/w/images/thumb/f/fa/NicholasShipyardIcon.png/144px-NicholasShipyardIcon.png"
"1599761826-301","https://azurlane.koumakan.jp/List_of_Ships_by_Image","/w/images/thumb/6/63/SuzuyaShipyardIcon.png/144px-SuzuyaShipyardIcon.png"
"1599761826-75","https://azurlane.koumakan.jp/List_of_Ships_by_Image","/w/images/thumb/b/be/FortuneShipyardIcon.png/144px-FortuneShipyardIcon.png"
"1599761826-120","https://azurlane.koumakan.jp/List_of_Ships_by_Image","/w/images/thumb/c/c8/ErebusShipyardIcon.png/144px-ErebusShipyardIcon.png"
"1599761826-108","https://azurlane.koumakan.jp/List_of_Ships_by_Image","/w/images/thumb/a/a3/NelsonShipyardIcon.png/144px-NelsonShipyardIcon.png"
"1599761826-273","https://azurlane.koumakan.jp/List_of_Ships_by_Image","/w/images/thumb/9/93/Jean_BartShipyardIcon.png/144px-Jean_BartShipyardIcon.png"
"1599761826-178","https://azurlane.koumakan.jp/List_of_Ships_by_Image","/w/images/thumb/a/a1/SouryuuShipyardIcon.png/144px-SouryuuShipyardIcon.png"
"1599761826-452","https://azurlane.koumakan.jp/List_of_Ships_by_Image","/w/images/thumb/3/39/AjaxKaiShipyardIcon.png/144px-AjaxKaiShipyardIcon.png"
"1599761826-420","https://azurlane.koumakan.jp/List_of_Ships_by_Image","/w/images/thumb/3/3a/GascogneShipyardIcon.png/144px-GascogneShipyardIcon.png"
"1599761826-217","https://azurlane.koumakan.jp/List_of_Ships_by_Image","/w/images/thumb/9/9c/UzukiShipyardIcon.png/144px-UzukiShipyardIcon.png"
"1599761826-48","https://azurlane.koumakan.jp/List_of_Ships_by_Image","/w/images/thumb/5/5d/CaliforniaShipyardIcon.png/144px-CaliforniaShipyardIcon.png"
"1599761826-26","https://azurlane.koumakan.jp/List_of_Ships_by_Image","/w/images/thumb/d/d4/HelenaShipyardIcon.png/144px-HelenaShipyardIcon.png"
"1599761826-443","https://azurlane.koumakan.jp/List_of_Ships_by_Image","/w/images/thumb/1/17/ArdentKaiShipyardIcon.png/144px-ArdentKaiShipyardIcon.png"
"1599761826-31","https://azurlane.koumakan.jp/List_of_Ships_by_Image","/w/images/thumb/1/14/ColumbiaShipyardIcon.png/144px-ColumbiaShipyardIcon.png"
"1599761826-488","https://azurlane.koumakan.jp/List_of_Ships_by_Image","/w/images/thumb/6/68/KamikazeKaiShipyardIcon.png/144px-KamikazeKaiShipyardIcon.png"
"1599761826-366","https://azurlane.koumakan.jp/List_of_Ships_by_Image","/w/images/thumb/6/6a/TartuShipyardIcon.png/144px-TartuShipyardIcon.png"
"1599761826-253","https://azurlane.koumakan.jp/List_of_Ships_by_Image","/w/images/thumb/0/03/MichishioShipyardIcon.png/144px-MichishioShipyardIcon.png"
"1599761826-239","https://azurlane.koumakan.jp/List_of_Ships_by_Image","/w/images/thumb/0/07/IsokazeShipyardIcon.png/144px-IsokazeShipyardIcon.png"
"1599761826-110","https://azurlane.koumakan.jp/List_of_Ships_by_Image","/w/images/thumb/6/6d/Prince_of_WalesShipyardIcon.png/144px-Prince_of_WalesShipyardIcon.png"
"1599761826-169","https://azurlane.koumakan.jp/List_of_Ships_by_Image","/w/images/thumb/7/72/MutsuShipyardIcon.png/144px-MutsuShipyardIcon.png"
"1599761826-179","https://azurlane.koumakan.jp/List_of_Ships_by_Image","/w/images/thumb/6/67/HiryuuShipyardIcon.png/144px-HiryuuShipyardIcon.png"
"1599761826-74","https://azurlane.koumakan.jp/List_of_Ships_by_Image","/w/images/thumb/b/bd/FoxhoundShipyardIcon.png/144px-FoxhoundShipyardIcon.png"
"1599761826-151","https://azurlane.koumakan.jp/List_of_Ships_by_Image","/w/images/thumb/2/2e/AobaShipyardIcon.png/144px-AobaShipyardIcon.png"
"1599761826-413","https://azurlane.koumakan.jp/List_of_Ships_by_Image","/w/images/thumb/c/cc/RoonShipyardIcon.png/144px-RoonShipyardIcon.png"
"1599761826-237","https://azurlane.koumakan.jp/List_of_Ships_by_Image","/w/images/thumb/b/b1/NakaShipyardIcon.png/144px-NakaShipyardIcon.png"
"1599761826-62","https://azurlane.koumakan.jp/List_of_Ships_by_Image","/w/images/thumb/6/64/EnterpriseShipyardIcon.png/144px-EnterpriseShipyardIcon.png"
"1599761826-206","https://azurlane.koumakan.jp/List_of_Ships_by_Image","/w/images/thumb/8/82/Ping_HaiShipyardIcon.png/144px-Ping_HaiShipyardIcon.png"
"1599761826-44","https://azurlane.koumakan.jp/List_of_Ships_by_Image","/w/images/thumb/a/ab/NevadaShipyardIcon.png/144px-NevadaShipyardIcon.png"
"1599761826-211","https://azurlane.koumakan.jp/List_of_Ships_by_Image","/w/images/thumb/5/5c/Z21ShipyardIcon.png/144px-Z21ShipyardIcon.png"
"1599761826-369","https://azurlane.koumakan.jp/List_of_Ships_by_Image","/w/images/thumb/e/ef/Alg%C3%A9rieShipyardIcon.png/144px-Alg%C3%A9rieShipyardIcon.png"
"1599761826-117","https://azurlane.koumakan.jp/List_of_Ships_by_Image","/w/images/thumb/0/00/VictoriousShipyardIcon.png/144px-VictoriousShipyardIcon.png"
"1599761826-131","https://azurlane.koumakan.jp/List_of_Ships_by_Image","/w/images/thumb/7/7f/YukikazeShipyardIcon.png/144px-YukikazeShipyardIcon.png"
"1599761826-293","https://azurlane.koumakan.jp/List_of_Ships_by_Image","/w/images/thumb/2/2a/CurlewShipyardIcon.png/144px-CurlewShipyardIcon.png"
"1599761826-393","https://azurlane.koumakan.jp/List_of_Ships_by_Image","/w/images/thumb/6/62/NekoneShipyardIcon.png/144px-NekoneShipyardIcon.png"
"1599761826-184","https://azurlane.koumakan.jp/List_of_Ships_by_Image","/w/images/thumb/9/9b/Z1ShipyardIcon.png/144px-Z1ShipyardIcon.png"
"1599761826-454","https://azurlane.koumakan.jp/List_of_Ships_by_Image","/w/images/thumb/9/9a/SuffolkKaiShipyardIcon.png/144px-SuffolkKaiShipyardIcon.png"
"1599761826-434","https://azurlane.koumakan.jp/List_of_Ships_by_Image","/w/images/thumb/f/fa/NevadaKaiShipyardIcon.png/144px-NevadaKaiShipyardIcon.png"
"1599761826-104","https://azurlane.koumakan.jp/List_of_Ships_by_Image","/w/images/thumb/c/c2/RepulseShipyardIcon.png/144px-RepulseShipyardIcon.png"
"1599761826-284","https://azurlane.koumakan.jp/List_of_Ships_by_Image","/w/images/thumb/5/52/MinneapolisShipyardIcon.png/144px-MinneapolisShipyardIcon.png"
"1599761826-23","https://azurlane.koumakan.jp/List_of_Ships_by_Image","/w/images/thumb/2/27/RaleighShipyardIcon.png/144px-RaleighShipyardIcon.png"
"1599761826-165","https://azurlane.koumakan.jp/List_of_Ships_by_Image","/w/images/thumb/6/68/YamashiroShipyardIcon.png/144px-YamashiroShipyardIcon.png"
"1599761826-371","https://azurlane.koumakan.jp/List_of_Ships_by_Image","/w/images/thumb/9/91/VauquelinShipyardIcon.png/144px-VauquelinShipyardIcon.png"
"1599761826-415","https://azurlane.koumakan.jp/List_of_Ships_by_Image","/w/images/thumb/a/a1/SeattleShipyardIcon.png/144px-SeattleShipyardIcon.png"
"1599761826-436","https://azurlane.koumakan.jp/List_of_Ships_by_Image","/w/images/thumb/a/ad/Long_IslandKaiShipyardIcon.png/144px-Long_IslandKaiShipyardIcon.png"
"1599761826-460","https://azurlane.koumakan.jp/List_of_Ships_by_Image","/w/images/thumb/b/b3/ShigureKaiShipyardIcon.png/144px-ShigureKaiShipyardIcon.png"
"1599761826-502","https://azurlane.koumakan.jp/List_of_Ships_by_Image","/w/images/thumb/9/96/CurlewKaiShipyardIcon.png/144px-CurlewKaiShipyardIcon.png"
"1599761826-326","https://azurlane.koumakan.jp/List_of_Ships_by_Image","/w/images/thumb/f/f8/BacheShipyardIcon.png/144px-BacheShipyardIcon.png"
"1599761826-97","https://azurlane.koumakan.jp/List_of_Ships_by_Image","/w/images/thumb/b/b8/KentShipyardIcon.png/144px-KentShipyardIcon.png"
"1599761826-394","https://azurlane.koumakan.jp/List_of_Ships_by_Image","/w/images/thumb/2/25/RurutieShipyardIcon.png/144px-RurutieShipyardIcon.png"
"1599761826-150","https://azurlane.koumakan.jp/List_of_Ships_by_Image","/w/images/thumb/4/4d/KakoShipyardIcon.png/144px-KakoShipyardIcon.png"
"1599761826-364","https://azurlane.koumakan.jp/List_of_Ships_by_Image","/w/images/thumb/8/8f/NaganamiShipyardIcon.png/144px-NaganamiShipyardIcon.png"
"1599761826-147","https://azurlane.koumakan.jp/List_of_Ships_by_Image","/w/images/thumb/9/93/MogamiShipyardIcon.png/144px-MogamiShipyardIcon.png"
"1599761826-442","https://azurlane.koumakan.jp/List_of_Ships_by_Image","/w/images/thumb/6/6f/AcastaKaiShipyardIcon.png/144px-AcastaKaiShipyardIcon.png"
"1599761826-188","https://azurlane.koumakan.jp/List_of_Ships_by_Image","/w/images/thumb/d/d4/KarlsruheShipyardIcon.png/144px-KarlsruheShipyardIcon.png"
"1599761826-363","https://azurlane.koumakan.jp/List_of_Ships_by_Image","/w/images/thumb/4/46/HanazukiShipyardIcon.png/144px-HanazukiShipyardIcon.png"
"1599761826-152","https://azurlane.koumakan.jp/List_of_Ships_by_Image","/w/images/thumb/1/1d/KinugasaShipyardIcon.png/144px-KinugasaShipyardIcon.png"
"1599761826-405","https://azurlane.koumakan.jp/List_of_Ships_by_Image","/w/images/thumb/9/90/Natsuiro_MatsuriShipyardIcon.png/144px-Natsuiro_MatsuriShipyardIcon.png"
"1599761826-35","https://azurlane.koumakan.jp/List_of_Ships_by_Image","/w/images/thumb/6/63/ChicagoShipyardIcon.png/144px-ChicagoShipyardIcon.png"
"1599761826-345","https://azurlane.koumakan.jp/List_of_Ships_by_Image","/w/images/thumb/b/bd/RyuuhouShipyardIcon.png/144px-RyuuhouShipyardIcon.png"
"1599761826-124","https://azurlane.koumakan.jp/List_of_Ships_by_Image","/w/images/thumb/1/16/AkatsukiShipyardIcon.png/144px-AkatsukiShipyardIcon.png"
"1599761826-193","https://azurlane.koumakan.jp/List_of_Ships_by_Image","/w/images/thumb/6/6e/DeutschlandShipyardIcon.png/144px-DeutschlandShipyardIcon.png"
"1599761826-103","https://azurlane.koumakan.jp/List_of_Ships_by_Image","/w/images/thumb/5/5a/RenownShipyardIcon.png/144px-RenownShipyardIcon.png"
"1599761826-33","https://azurlane.koumakan.jp/List_of_Ships_by_Image","/w/images/thumb/6/65/Salt_Lake_CityShipyardIcon.png/144px-Salt_Lake_CityShipyardIcon.png"
"1599761826-380","https://azurlane.koumakan.jp/List_of_Ships_by_Image","/w/images/thumb/5/53/Z26ShipyardIcon.png/144px-Z26ShipyardIcon.png"
"1599761826-275","https://azurlane.koumakan.jp/List_of_Ships_by_Image","/w/images/thumb/7/7f/BushShipyardIcon.png/144px-BushShipyardIcon.png"
"1599761826-321","https://azurlane.koumakan.jp/List_of_Ships_by_Image","/w/images/thumb/c/c4/CavallaShipyardIcon.png/144px-CavallaShipyardIcon.png"
"1599761826-201","https://azurlane.koumakan.jp/List_of_Ships_by_Image","/w/images/thumb/3/37/Fu_ShunShipyardIcon.png/144px-Fu_ShunShipyardIcon.png"
"1599761826-292","https://azurlane.koumakan.jp/List_of_Ships_by_Image","/w/images/thumb/2/27/CuracoaShipyardIcon.png/144px-CuracoaShipyardIcon.png"
"1599761826-409","https://azurlane.koumakan.jp/List_of_Ships_by_Image","/w/images/thumb/1/15/HMS_NeptuneShipyardIcon.png/144px-HMS_NeptuneShipyardIcon.png"
"1599761826-161","https://azurlane.koumakan.jp/List_of_Ships_by_Image","/w/images/thumb/8/8f/HieiShipyardIcon.png/144px-HieiShipyardIcon.png"
"1599761826-149","https://azurlane.koumakan.jp/List_of_Ships_by_Image","/w/images/thumb/8/85/FurutakaShipyardIcon.png/144px-FurutakaShipyardIcon.png"
"1599761826-392","https://azurlane.koumakan.jp/List_of_Ships_by_Image","/w/images/thumb/e/e9/KuonShipyardIcon.png/144px-KuonShipyardIcon.png"
"1599761826-17","https://azurlane.koumakan.jp/List_of_Ships_by_Image","/w/images/thumb/1/10/BensonShipyardIcon.png/144px-BensonShipyardIcon.png"
"1599761826-437","https://azurlane.koumakan.jp/List_of_Ships_by_Image","/w/images/thumb/4/46/BogueKaiShipyardIcon.png/144px-BogueKaiShipyardIcon.png"
"1599761826-330","https://azurlane.koumakan.jp/List_of_Ships_by_Image","/w/images/thumb/e/e2/Conte_di_CavourShipyardIcon.png/144px-Conte_di_CavourShipyardIcon.png"
"1599761826-299","https://azurlane.koumakan.jp/List_of_Ships_by_Image","/w/images/thumb/1/1b/Z2ShipyardIcon.png/144px-Z2ShipyardIcon.png"
"1599761826-142","https://azurlane.koumakan.jp/List_of_Ships_by_Image","/w/images/thumb/e/ed/YuubariShipyardIcon.png/144px-YuubariShipyardIcon.png"
"1599761826-430","https://azurlane.koumakan.jp/List_of_Ships_by_Image","/w/images/thumb/6/6a/HammannKaiShipyardIcon.png/144px-HammannKaiShipyardIcon.png"
"1599761826-83","https://azurlane.koumakan.jp/List_of_Ships_by_Image","/w/images/thumb/7/71/LeanderShipyardIcon.png/144px-LeanderShipyardIcon.png"
"1599761826-500","https://azurlane.koumakan.jp/List_of_Ships_by_Image","/w/images/thumb/8/88/NewcastleKaiShipyardIcon.png/144px-NewcastleKaiShipyardIcon.png"
"1599761826-199","https://azurlane.koumakan.jp/List_of_Ships_by_Image","/w/images/thumb/5/5c/Graf_ZeppelinShipyardIcon.png/144px-Graf_ZeppelinShipyardIcon.png"
"1599761826-34","https://azurlane.koumakan.jp/List_of_Ships_by_Image","/w/images/thumb/1/1b/NorthamptonShipyardIcon.png/144px-NorthamptonShipyardIcon.png"
"1599761826-334","https://azurlane.koumakan.jp/List_of_Ships_by_Image","/w/images/thumb/5/54/CarabiniereShipyardIcon.png/144px-CarabiniereShipyardIcon.png"
"1599761826-465","https://azurlane.koumakan.jp/List_of_Ships_by_Image","/w/images/thumb/b/bc/YuugureKaiShipyardIcon.png/144px-YuugureKaiShipyardIcon.png"
"1599761826-487","https://azurlane.koumakan.jp/List_of_Ships_by_Image","/w/images/thumb/f/f4/BaileyKaiShipyardIcon.png/144px-BaileyKaiShipyardIcon.png"
"1599761826-22","https://azurlane.koumakan.jp/List_of_Ships_by_Image","/w/images/thumb/e/e9/OmahaShipyardIcon.png/144px-OmahaShipyardIcon.png"
"1599761826-447","https://azurlane.koumakan.jp/List_of_Ships_by_Image","/w/images/thumb/f/f0/FoxhoundKaiShipyardIcon.png/144px-FoxhoundKaiShipyardIcon.png"
"1599761826-356","https://azurlane.koumakan.jp/List_of_Ships_by_Image","/w/images/thumb/4/4f/IntrepidShipyardIcon.png/144px-IntrepidShipyardIcon.png"
"1599761826-73","https://azurlane.koumakan.jp/List_of_Ships_by_Image","/w/images/thumb/e/e3/CygnetShipyardIcon.png/144px-CygnetShipyardIcon.png"
"1599761826-197","https://azurlane.koumakan.jp/List_of_Ships_by_Image","/w/images/thumb/b/bd/BismarckShipyardIcon.png/144px-BismarckShipyardIcon.png"
"1599761826-156","https://azurlane.koumakan.jp/List_of_Ships_by_Image","/w/images/thumb/4/4d/TakaoShipyardIcon.png/144px-TakaoShipyardIcon.png"
"1599761826-212","https://azurlane.koumakan.jp/List_of_Ships_by_Image","/w/images/thumb/f/fc/Z46ShipyardIcon.png/144px-Z46ShipyardIcon.png"
"1599761826-424","https://azurlane.koumakan.jp/List_of_Ships_by_Image","/w/images/thumb/7/71/OdinShipyardIcon.png/144px-OdinShipyardIcon.png"
"1599761826-298","https://azurlane.koumakan.jp/List_of_Ships_by_Image","/w/images/thumb/e/e0/Shangri-LaShipyardIcon.png/144px-Shangri-LaShipyardIcon.png"
"1599761826-398","https://azurlane.koumakan.jp/List_of_Ships_by_Image","/w/images/thumb/5/58/Kizuna_AIShipyardIcon.png/144px-Kizuna_AIShipyardIcon.png"
"1599761826-7","https://azurlane.koumakan.jp/List_of_Ships_by_Image","/w/images/thumb/b/b7/GridleyShipyardIcon.png/144px-GridleyShipyardIcon.png"
"1599761826-491","https://azurlane.koumakan.jp/List_of_Ships_by_Image","/w/images/thumb/6/6b/KisaragiKaiShipyardIcon.png/144px-KisaragiKaiShipyardIcon.png"
"1599761826-3","https://azurlane.koumakan.jp/List_of_Ships_by_Image","/w/images/thumb/7/7c/Prototype_Bulin_MKIIShipyardIcon.png/144px-Prototype_Bulin_MKIIShipyardIcon.png"
"1599761826-245","https://azurlane.koumakan.jp/List_of_Ships_by_Image","/w/images/thumb/b/b4/MatchlessShipyardIcon.png/144px-MatchlessShipyardIcon.png"
"1599761826-6","https://azurlane.koumakan.jp/List_of_Ships_by_Image","/w/images/thumb/4/41/DownesShipyardIcon.png/144px-DownesShipyardIcon.png"
"1599761826-68","https://azurlane.koumakan.jp/List_of_Ships_by_Image","/w/images/thumb/7/76/ArdentShipyardIcon.png/144px-ArdentShipyardIcon.png"
"1599761826-296","https://azurlane.koumakan.jp/List_of_Ships_by_Image","/w/images/thumb/0/05/ChaserShipyardIcon.png/144px-ChaserShipyardIcon.png"
"1599761826-336","https://azurlane.koumakan.jp/List_of_Ships_by_Image","/w/images/thumb/b/bf/SmalleyShipyardIcon.png/144px-SmalleyShipyardIcon.png"
"1599761826-314","https://azurlane.koumakan.jp/List_of_Ships_by_Image","/w/images/thumb/b/bd/L%27Opini%C3%A2treShipyardIcon.png/144px-L%27Opini%C3%A2treShipyardIcon.png"
"1599761826-379","https://azurlane.koumakan.jp/List_of_Ships_by_Image","/w/images/thumb/4/47/IcarusShipyardIcon.png/144px-IcarusShipyardIcon.png"
"1599761826-425","https://azurlane.koumakan.jp/List_of_Ships_by_Image","/w/images/thumb/5/59/ChampagneShipyardIcon.png/144px-ChampagneShipyardIcon.png"
"1599761826-13","https://azurlane.koumakan.jp/List_of_Ships_by_Image","/w/images/thumb/6/67/ThatcherShipyardIcon.png/144px-ThatcherShipyardIcon.png"
"1599761826-373","https://azurlane.koumakan.jp/List_of_Ships_by_Image","/w/images/thumb/8/8d/Little_IllustriousShipyardIcon.png/144px-Little_IllustriousShipyardIcon.png"
"1599761826-286","https://azurlane.koumakan.jp/List_of_Ships_by_Image","/w/images/thumb/4/4c/ConcordShipyardIcon.png/144px-ConcordShipyardIcon.png"
"1599761826-218","https://azurlane.koumakan.jp/List_of_Ships_by_Image","/w/images/thumb/4/4d/MinazukiShipyardIcon.png/144px-MinazukiShipyardIcon.png"
"1599761826-329","https://azurlane.koumakan.jp/List_of_Ships_by_Image","/w/images/thumb/1/17/LittorioShipyardIcon.png/144px-LittorioShipyardIcon.png"
"1599761826-123","https://azurlane.koumakan.jp/List_of_Ships_by_Image","/w/images/thumb/9/93/AyanamiShipyardIcon.png/144px-AyanamiShipyardIcon.png"
"1599761826-107","https://azurlane.koumakan.jp/List_of_Ships_by_Image","/w/images/thumb/2/22/WarspiteShipyardIcon.png/144px-WarspiteShipyardIcon.png"
"1599761826-43","https://azurlane.koumakan.jp/List_of_Ships_by_Image","/w/images/thumb/b/ba/BaltimoreShipyardIcon.png/144px-BaltimoreShipyardIcon.png"
"1599761826-387","https://azurlane.koumakan.jp/List_of_Ships_by_Image","/w/images/thumb/6/6d/Black_HeartShipyardIcon.png/144px-Black_HeartShipyardIcon.png"
"1599761826-102","https://azurlane.koumakan.jp/List_of_Ships_by_Image","/w/images/thumb/1/10/ExeterShipyardIcon.png/144px-ExeterShipyardIcon.png"
"1599761826-77","https://azurlane.koumakan.jp/List_of_Ships_by_Image","/w/images/thumb/c/cd/GlowwormShipyardIcon.png/144px-GlowwormShipyardIcon.png"
"1599761826-463","https://azurlane.koumakan.jp/List_of_Ships_by_Image","/w/images/thumb/c/cf/HatsuharuKaiShipyardIcon.png/144px-HatsuharuKaiShipyardIcon.png"
"1599761826-316","https://azurlane.koumakan.jp/List_of_Ships_by_Image","/w/images/thumb/8/87/I-56ShipyardIcon.png/144px-I-56ShipyardIcon.png"
"1599761826-71","https://azurlane.koumakan.jp/List_of_Ships_by_Image","/w/images/thumb/1/1d/CometShipyardIcon.png/144px-CometShipyardIcon.png"
"1599761826-309","https://azurlane.koumakan.jp/List_of_Ships_by_Image","/w/images/thumb/a/a9/LenaShipyardIcon.png/144px-LenaShipyardIcon.png"
"1599761826-185","https://azurlane.koumakan.jp/List_of_Ships_by_Image","/w/images/thumb/7/7a/Z23ShipyardIcon.png/144px-Z23ShipyardIcon.png"
"1599761826-119","https://azurlane.koumakan.jp/List_of_Ships_by_Image","/w/images/thumb/6/65/GloriousShipyardIcon.png/144px-GloriousShipyardIcon.png"
"1599761826-177","https://azurlane.koumakan.jp/List_of_Ships_by_Image","/w/images/thumb/1/18/KagaShipyardIcon.png/144px-KagaShipyardIcon.png"
"1599761826-287","https://azurlane.koumakan.jp/List_of_Ships_by_Image","/w/images/thumb/a/ae/AmagiShipyardIcon.png/144px-AmagiShipyardIcon.png"
"1599761826-352","https://azurlane.koumakan.jp/List_of_Ships_by_Image","/w/images/thumb/f/f0/Pamiat_MerkuriaShipyardIcon.png/144px-Pamiat_MerkuriaShipyardIcon.png"
"1599761826-56","https://azurlane.koumakan.jp/List_of_Ships_by_Image","/w/images/thumb/e/e7/BogueShipyardIcon.png/144px-BogueShipyardIcon.png"
"1599761826-303","https://azurlane.koumakan.jp/List_of_Ships_by_Image","/w/images/thumb/1/18/Akagi-chanShipyardIcon.png/144px-Akagi-chanShipyardIcon.png"
"1599761826-476","https://azurlane.koumakan.jp/List_of_Ships_by_Image","/w/images/thumb/b/bd/HyuugaKaiShipyardIcon.png/144px-HyuugaKaiShipyardIcon.png"
"1599761826-135","https://azurlane.koumakan.jp/List_of_Ships_by_Image","/w/images/thumb/c/c0/HatsuharuShipyardIcon.png/144px-HatsuharuShipyardIcon.png"
"1599761826-414","https://azurlane.koumakan.jp/List_of_Ships_by_Image","/w/images/thumb/f/ff/Saint_LouisShipyardIcon.png/144px-Saint_LouisShipyardIcon.png"
"1599761826-497","https://azurlane.koumakan.jp/List_of_Ships_by_Image","/w/images/thumb/3/39/ForbinKaiShipyardIcon.png/144px-ForbinKaiShipyardIcon.png"
"1599761826-67","https://azurlane.koumakan.jp/List_of_Ships_by_Image","/w/images/thumb/f/f5/AcastaShipyardIcon.png/144px-AcastaShipyardIcon.png"
"1599761826-347","https://azurlane.koumakan.jp/List_of_Ships_by_Image","/w/images/thumb/b/bc/BiloxiShipyardIcon.png/144px-BiloxiShipyardIcon.png"
"1599761826-195","https://azurlane.koumakan.jp/List_of_Ships_by_Image","/w/images/thumb/9/9a/ScharnhorstShipyardIcon.png/144px-ScharnhorstShipyardIcon.png"
"1599761826-58","https://azurlane.koumakan.jp/List_of_Ships_by_Image","/w/images/thumb/6/64/LexingtonShipyardIcon.png/144px-LexingtonShipyardIcon.png"
"1599761826-370","https://azurlane.koumakan.jp/List_of_Ships_by_Image","/w/images/thumb/d/d1/La_Galissonni%C3%A8reShipyardIcon.png/144px-La_Galissonni%C3%A8reShipyardIcon.png"
"1599761826-446","https://azurlane.koumakan.jp/List_of_Ships_by_Image","/w/images/thumb/7/7b/CygnetKaiShipyardIcon.png/144px-CygnetKaiShipyardIcon.png"
"1599761826-419","https://azurlane.koumakan.jp/List_of_Ships_by_Image","/w/images/thumb/6/6a/Friedrich_der_Gro%C3%9FeShipyardIcon.png/144px-Friedrich_der_Gro%C3%9FeShipyardIcon.png"
"1599761826-57","https://azurlane.koumakan.jp/List_of_Ships_by_Image","/w/images/thumb/8/81/LangleyShipyardIcon.png/144px-LangleyShipyardIcon.png"
"1599761826-182","https://azurlane.koumakan.jp/List_of_Ships_by_Image","/w/images/thumb/b/b3/TaihouShipyardIcon.png/144px-TaihouShipyardIcon.png"
"1599761826-137","https://azurlane.koumakan.jp/List_of_Ships_by_Image","/w/images/thumb/9/91/HatsushimoShipyardIcon.png/144px-HatsushimoShipyardIcon.png"
"1599761826-14","https://azurlane.koumakan.jp/List_of_Ships_by_Image","/w/images/thumb/0/00/AulickShipyardIcon.png/144px-AulickShipyardIcon.png"
"1599761826-8","https://azurlane.koumakan.jp/List_of_Ships_by_Image","/w/images/thumb/4/47/CravenShipyardIcon.png/144px-CravenShipyardIcon.png"
"1599761826-331","https://azurlane.koumakan.jp/List_of_Ships_by_Image","/w/images/thumb/7/7f/Giulio_CesareShipyardIcon.png/144px-Giulio_CesareShipyardIcon.png"
"1599761826-196","https://azurlane.koumakan.jp/List_of_Ships_by_Image","/w/images/thumb/d/d5/GneisenauShipyardIcon.png/144px-GneisenauShipyardIcon.png"
"1599761826-399","https://azurlane.koumakan.jp/List_of_Ships_by_Image","/w/images/thumb/7/73/Elegant_Kizuna_AIShipyardIcon.png/144px-Elegant_Kizuna_AIShipyardIcon.png"
"1599761826-255","https://azurlane.koumakan.jp/List_of_Ships_by_Image","/w/images/thumb/1/18/Little_BelShipyardIcon.png/144px-Little_BelShipyardIcon.png"
"1599761826-439","https://azurlane.koumakan.jp/List_of_Ships_by_Image","/w/images/thumb/7/71/SaratogaKaiShipyardIcon.png/144px-SaratogaKaiShipyardIcon.png"
"1599761826-501","https://azurlane.koumakan.jp/List_of_Ships_by_Image","/w/images/thumb/c/cb/CuracoaKaiShipyardIcon.png/144px-CuracoaKaiShipyardIcon.png"
"1599761826-65","https://azurlane.koumakan.jp/List_of_Ships_by_Image","/w/images/thumb/5/55/VestalShipyardIcon.png/144px-VestalShipyardIcon.png"
"1599761826-349","https://azurlane.koumakan.jp/List_of_Ships_by_Image","/w/images/thumb/3/37/GroznyShipyardIcon.png/144px-GroznyShipyardIcon.png"
"1599761826-431","https://azurlane.koumakan.jp/List_of_Ships_by_Image","/w/images/thumb/a/a5/HelenaKaiShipyardIcon.png/144px-HelenaKaiShipyardIcon.png"
"1599761826-297","https://azurlane.koumakan.jp/List_of_Ships_by_Image","/w/images/thumb/f/fd/IndependenceShipyardIcon.png/144px-IndependenceShipyardIcon.png"
"1599761826-422","https://azurlane.koumakan.jp/List_of_Ships_by_Image","/w/images/thumb/d/d7/DrakeShipyardIcon.png/144px-DrakeShipyardIcon.png"
"1599761826-176","https://azurlane.koumakan.jp/List_of_Ships_by_Image","/w/images/thumb/e/ee/AkagiShipyardIcon.png/144px-AkagiShipyardIcon.png"
"1599761826-262","https://azurlane.koumakan.jp/List_of_Ships_by_Image","/w/images/thumb/5/53/DaceShipyardIcon.png/144px-DaceShipyardIcon.png"
"1599761826-36","https://azurlane.koumakan.jp/List_of_Ships_by_Image","/w/images/thumb/3/3d/HoustonShipyardIcon.png/144px-HoustonShipyardIcon.png"
"1599761826-475","https://azurlane.koumakan.jp/List_of_Ships_by_Image","/w/images/thumb/4/44/IseKaiShipyardIcon.png/144px-IseKaiShipyardIcon.png"
"1599761826-384","https://azurlane.koumakan.jp/List_of_Ships_by_Image","/w/images/thumb/4/45/BlancShipyardIcon.png/144px-BlancShipyardIcon.png"
"1599761826-272","https://azurlane.koumakan.jp/List_of_Ships_by_Image","/w/images/thumb/c/c7/DunkerqueShipyardIcon.png/144px-DunkerqueShipyardIcon.png"
"1599761826-268","https://azurlane.koumakan.jp/List_of_Ships_by_Image","/w/images/thumb/b/b7/ForbinShipyardIcon.png/144px-ForbinShipyardIcon.png"
"1599761826-233","https://azurlane.koumakan.jp/List_of_Ships_by_Image","/w/images/thumb/c/c5/JupiterShipyardIcon.png/144px-JupiterShipyardIcon.png"
"1599761826-132","https://azurlane.koumakan.jp/List_of_Ships_by_Image","/w/images/thumb/0/0f/KagerouShipyardIcon.png/144px-KagerouShipyardIcon.png"
"1599761826-227","https://azurlane.koumakan.jp/List_of_Ships_by_Image","/w/images/thumb/3/30/RadfordShipyardIcon.png/144px-RadfordShipyardIcon.png"
"1599761826-305","https://azurlane.koumakan.jp/List_of_Ships_by_Image","/w/images/thumb/a/ac/U-556ShipyardIcon.png/144px-U-556ShipyardIcon.png"
"1599761826-16","https://azurlane.koumakan.jp/List_of_Ships_by_Image","/w/images/thumb/2/2e/SpenceShipyardIcon.png/144px-SpenceShipyardIcon.png"
"1599761826-464","https://azurlane.koumakan.jp/List_of_Ships_by_Image","/w/images/thumb/c/c1/HatsushimoKaiShipyardIcon.png/144px-HatsushimoKaiShipyardIcon.png"
"1599761826-468","https://azurlane.koumakan.jp/List_of_Ships_by_Image","/w/images/thumb/8/89/KinuKaiShipyardIcon.png/144px-KinuKaiShipyardIcon.png"
"1599761826-116","https://azurlane.koumakan.jp/List_of_Ships_by_Image","/w/images/thumb/9/99/IllustriousShipyardIcon.png/144px-IllustriousShipyardIcon.png"
"1599761826-47","https://azurlane.koumakan.jp/List_of_Ships_by_Image","/w/images/thumb/6/60/TennesseeShipyardIcon.png/144px-TennesseeShipyardIcon.png"
"1599761826-158","https://azurlane.koumakan.jp/List_of_Ships_by_Image","/w/images/thumb/4/42/MayaShipyardIcon.png/144px-MayaShipyardIcon.png"
"1599761826-55","https://azurlane.koumakan.jp/List_of_Ships_by_Image","/w/images/thumb/b/be/Long_IslandShipyardIcon.png/144px-Long_IslandShipyardIcon.png"
"1599761826-166","https://azurlane.koumakan.jp/List_of_Ships_by_Image","/w/images/thumb/f/f6/IseShipyardIcon.png/144px-IseShipyardIcon.png"
"1599761826-216","https://azurlane.koumakan.jp/List_of_Ships_by_Image","/w/images/thumb/9/9b/KisaragiShipyardIcon.png/144px-KisaragiShipyardIcon.png"
"1599761826-391","https://azurlane.koumakan.jp/List_of_Ships_by_Image","/w/images/thumb/d/d7/33ShipyardIcon.png/144px-33ShipyardIcon.png"
"1599761826-263","https://azurlane.koumakan.jp/List_of_Ships_by_Image","/w/images/thumb/a/a9/U-47ShipyardIcon.png/144px-U-47ShipyardIcon.png"
"1599761826-70","https://azurlane.koumakan.jp/List_of_Ships_by_Image","/w/images/thumb/0/01/BulldogShipyardIcon.png/144px-BulldogShipyardIcon.png"
"1599761826-174","https://azurlane.koumakan.jp/List_of_Ships_by_Image","/w/images/thumb/0/0f/ShouhouShipyardIcon.png/144px-ShouhouShipyardIcon.png"
"1599761826-240","https://azurlane.koumakan.jp/List_of_Ships_by_Image","/w/images/thumb/a/aa/HamakazeShipyardIcon.png/144px-HamakazeShipyardIcon.png"
"1599761826-164","https://azurlane.koumakan.jp/List_of_Ships_by_Image","/w/images/thumb/2/2d/FusouShipyardIcon.png/144px-FusouShipyardIcon.png"
"1599761826-210","https://azurlane.koumakan.jp/List_of_Ships_by_Image","/w/images/thumb/b/b6/Z20ShipyardIcon.png/144px-Z20ShipyardIcon.png"
"1599761826-256","https://azurlane.koumakan.jp/List_of_Ships_by_Image","/w/images/thumb/4/40/AbercrombieShipyardIcon.png/144px-AbercrombieShipyardIcon.png"
"1599761826-28","https://azurlane.koumakan.jp/List_of_Ships_by_Image","/w/images/thumb/7/72/JuneauShipyardIcon.png/144px-JuneauShipyardIcon.png"
"1599761826-187","https://azurlane.koumakan.jp/List_of_Ships_by_Image","/w/images/thumb/a/a7/K%C3%B6nigsbergShipyardIcon.png/144px-K%C3%B6nigsbergShipyardIcon.png"
"1599761826-105","https://azurlane.koumakan.jp/List_of_Ships_by_Image","/w/images/thumb/5/51/HoodShipyardIcon.png/144px-HoodShipyardIcon.png"
"1599761826-362","https://azurlane.koumakan.jp/List_of_Ships_by_Image","/w/images/thumb/f/fc/MarbleheadShipyardIcon.png/144px-MarbleheadShipyardIcon.png"
"1599761826-315","https://azurlane.koumakan.jp/List_of_Ships_by_Image","/w/images/thumb/f/fa/I-25ShipyardIcon.png/144px-I-25ShipyardIcon.png"
"1599761826-235","https://azurlane.koumakan.jp/List_of_Ships_by_Image","/w/images/thumb/3/38/SendaiShipyardIcon.png/144px-SendaiShipyardIcon.png"
"1599761826-100","https://azurlane.koumakan.jp/List_of_Ships_by_Image","/w/images/thumb/0/02/DorsetshireShipyardIcon.png/144px-DorsetshireShipyardIcon.png"
"1599761826-456","https://azurlane.koumakan.jp/List_of_Ships_by_Image","/w/images/thumb/6/63/ExeterKaiShipyardIcon.png/144px-ExeterKaiShipyardIcon.png"
"1599761826-155","https://azurlane.koumakan.jp/List_of_Ships_by_Image","/w/images/thumb/d/dc/AshigaraShipyardIcon.png/144px-AshigaraShipyardIcon.png"
"1599761826-466","https://azurlane.koumakan.jp/List_of_Ships_by_Image","/w/images/thumb/9/96/YuubariKaiShipyardIcon.png/144px-YuubariKaiShipyardIcon.png"
"1599761826-236","https://azurlane.koumakan.jp/List_of_Ships_by_Image","/w/images/thumb/5/58/JintsuuShipyardIcon.png/144px-JintsuuShipyardIcon.png"
"1599761826-91","https://azurlane.koumakan.jp/List_of_Ships_by_Image","/w/images/thumb/5/57/BelfastShipyardIcon.png/144px-BelfastShipyardIcon.png"
"1599761826-281","https://azurlane.koumakan.jp/List_of_Ships_by_Image","/w/images/thumb/9/96/NewcastleShipyardIcon.png/144px-NewcastleShipyardIcon.png"
"1599761826-63","https://azurlane.koumakan.jp/List_of_Ships_by_Image","/w/images/thumb/e/e3/HornetShipyardIcon.png/144px-HornetShipyardIcon.png"
"1599761826-403","https://azurlane.koumakan.jp/List_of_Ships_by_Image","/w/images/thumb/1/1d/Tokino_SoraShipyardIcon.png/144px-Tokino_SoraShipyardIcon.png"
"1599761826-143","https://azurlane.koumakan.jp/List_of_Ships_by_Image","/w/images/thumb/2/20/NagaraShipyardIcon.png/144px-NagaraShipyardIcon.png"
"1599761826-317","https://azurlane.koumakan.jp/List_of_Ships_by_Image","/w/images/thumb/5/54/I-168ShipyardIcon.png/144px-I-168ShipyardIcon.png"
"1599761826-175","https://azurlane.koumakan.jp/List_of_Ships_by_Image","/w/images/thumb/5/5e/RyuujouShipyardIcon.png/144px-RyuujouShipyardIcon.png"
"1599761826-202","https://azurlane.koumakan.jp/List_of_Ships_by_Image","/w/images/thumb/f/f4/Chang_ChunShipyardIcon.png/144px-Chang_ChunShipyardIcon.png"
"1599761826-278","https://azurlane.koumakan.jp/List_of_Ships_by_Image","/w/images/thumb/9/92/AlbacoreShipyardIcon.png/144px-AlbacoreShipyardIcon.png"
"1599761826-160","https://azurlane.koumakan.jp/List_of_Ships_by_Image","/w/images/thumb/0/02/KongouShipyardIcon.png/144px-KongouShipyardIcon.png"
"1599761826-252","https://azurlane.koumakan.jp/List_of_Ships_by_Image","/w/images/thumb/2/25/OoshioShipyardIcon.png/144px-OoshioShipyardIcon.png"
"1599761826-432","https://azurlane.koumakan.jp/List_of_Ships_by_Image","/w/images/thumb/b/b1/San_DiegoKaiShipyardIcon.png/144px-San_DiegoKaiShipyardIcon.png"
"1599761826-72","https://azurlane.koumakan.jp/List_of_Ships_by_Image","/w/images/thumb/d/d5/CrescentShipyardIcon.png/144px-CrescentShipyardIcon.png"
"1599761826-2","https://azurlane.koumakan.jp/List_of_Ships_by_Image","/w/images/thumb/2/2f/Universal_BulinShipyardIcon.png/144px-Universal_BulinShipyardIcon.png"
"1599761826-122","https://azurlane.koumakan.jp/List_of_Ships_by_Image","/w/images/thumb/0/0a/FubukiShipyardIcon.png/144px-FubukiShipyardIcon.png"
"1599761826-29","https://azurlane.koumakan.jp/List_of_Ships_by_Image","/w/images/thumb/b/bf/San_DiegoShipyardIcon.png/144px-San_DiegoShipyardIcon.png"
"1599761826-37","https://azurlane.koumakan.jp/List_of_Ships_by_Image","/w/images/thumb/1/10/PortlandShipyardIcon.png/144px-PortlandShipyardIcon.png"
"1599761826-451","https://azurlane.koumakan.jp/List_of_Ships_by_Image","/w/images/thumb/f/fb/AchillesKaiShipyardIcon.png/144px-AchillesKaiShipyardIcon.png"
"1599761826-495","https://azurlane.koumakan.jp/List_of_Ships_by_Image","/w/images/thumb/2/2c/HamakazeKaiShipyardIcon.png/144px-HamakazeKaiShipyardIcon.png"
"1599761826-396","https://azurlane.koumakan.jp/List_of_Ships_by_Image","/w/images/thumb/7/77/SaraanaShipyardIcon.png/144px-SaraanaShipyardIcon.png"
"1599761826-11","https://azurlane.koumakan.jp/List_of_Ships_by_Image","/w/images/thumb/1/15/FletcherShipyardIcon.png/144px-FletcherShipyardIcon.png"
"1599761826-225","https://azurlane.koumakan.jp/List_of_Ships_by_Image","/w/images/thumb/a/a6/HarutsukiShipyardIcon.png/144px-HarutsukiShipyardIcon.png"
"1599761826-270","https://azurlane.koumakan.jp/List_of_Ships_by_Image","/w/images/thumb/4/42/SurcoufShipyardIcon.png/144px-SurcoufShipyardIcon.png"
"1599761826-328","https://azurlane.koumakan.jp/List_of_Ships_by_Image","/w/images/thumb/1/18/StanlyShipyardIcon.png/144px-StanlyShipyardIcon.png"
"1599761826-417","https://azurlane.koumakan.jp/List_of_Ships_by_Image","/w/images/thumb/f/f4/KitakazeShipyardIcon.png/144px-KitakazeShipyardIcon.png"
"1599761826-170","https://azurlane.koumakan.jp/List_of_Ships_by_Image","/w/images/thumb/3/34/TosaShipyardIcon.png/144px-TosaShipyardIcon.png"
"1599761826-418","https://azurlane.koumakan.jp/List_of_Ships_by_Image","/w/images/thumb/5/54/AzumaShipyardIcon.png/144px-AzumaShipyardIcon.png"
"1599761826-257","https://azurlane.koumakan.jp/List_of_Ships_by_Image","/w/images/thumb/0/01/SussexShipyardIcon.png/144px-SussexShipyardIcon.png"
"1599761826-242","https://azurlane.koumakan.jp/List_of_Ships_by_Image","/w/images/thumb/f/f9/MikasaShipyardIcon.png/144px-MikasaShipyardIcon.png"
"1599761826-19","https://azurlane.koumakan.jp/List_of_Ships_by_Image","/w/images/thumb/9/96/SimsShipyardIcon.png/144px-SimsShipyardIcon.png"
"1599761826-93","https://azurlane.koumakan.jp/List_of_Ships_by_Image","/w/images/thumb/c/c0/GalateaShipyardIcon.png/144px-GalateaShipyardIcon.png"
"1599761826-46","https://azurlane.koumakan.jp/List_of_Ships_by_Image","/w/images/thumb/3/38/PennsylvaniaShipyardIcon.png/144px-PennsylvaniaShipyardIcon.png"
"1599761826-477","https://azurlane.koumakan.jp/List_of_Ships_by_Image","/w/images/thumb/7/71/ShouhouKaiShipyardIcon.png/144px-ShouhouKaiShipyardIcon.png"
"1599761826-153","https://azurlane.koumakan.jp/List_of_Ships_by_Image","/w/images/thumb/3/37/MyoukouShipyardIcon.png/144px-MyoukouShipyardIcon.png"
"1599761826-53","https://azurlane.koumakan.jp/List_of_Ships_by_Image","/w/images/thumb/f/f7/WashingtonShipyardIcon.png/144px-WashingtonShipyardIcon.png"
"1599761826-435","https://azurlane.koumakan.jp/List_of_Ships_by_Image","/w/images/thumb/0/08/OklahomaKaiShipyardIcon.png/144px-OklahomaKaiShipyardIcon.png"
"1599761826-215","https://azurlane.koumakan.jp/List_of_Ships_by_Image","/w/images/thumb/0/05/MutsukiShipyardIcon.png/144px-MutsukiShipyardIcon.png"
"1599761826-480","https://azurlane.koumakan.jp/List_of_Ships_by_Image","/w/images/thumb/f/f9/Z1KaiShipyardIcon.png/144px-Z1KaiShipyardIcon.png"
"1599761826-400","https://azurlane.koumakan.jp/List_of_Ships_by_Image","/w/images/thumb/c/c0/Anniversary_Kizuna_AIShipyardIcon.png/144px-Anniversary_Kizuna_AIShipyardIcon.png"
"1599761826-136","https://azurlane.koumakan.jp/List_of_Ships_by_Image","/w/images/thumb/0/0e/WakabaShipyardIcon.png/144px-WakabaShipyardIcon.png"
"1599761826-467","https://azurlane.koumakan.jp/List_of_Ships_by_Image","/w/images/thumb/6/6a/IsuzuKaiShipyardIcon.png/144px-IsuzuKaiShipyardIcon.png"
"1599761826-411","https://azurlane.koumakan.jp/List_of_Ships_by_Image","/w/images/thumb/e/ea/IbukiShipyardIcon.png/144px-IbukiShipyardIcon.png"
"1599761826-355","https://azurlane.koumakan.jp/List_of_Ships_by_Image","/w/images/thumb/f/fa/Sovetskaya_RossiyaShipyardIcon.png/144px-Sovetskaya_RossiyaShipyardIcon.png"
"1599761826-372","https://azurlane.koumakan.jp/List_of_Ships_by_Image","/w/images/thumb/f/f0/B%C3%A9arnShipyardIcon.png/144px-B%C3%A9arnShipyardIcon.png"
"1599761826-271","https://azurlane.koumakan.jp/List_of_Ships_by_Image","/w/images/thumb/e/e8/Le_MarsShipyardIcon.png/144px-Le_MarsShipyardIcon.png"
"1599761826-168","https://azurlane.koumakan.jp/List_of_Ships_by_Image","/w/images/thumb/d/d3/NagatoShipyardIcon.png/144px-NagatoShipyardIcon.png"
"1599761826-41","https://azurlane.koumakan.jp/List_of_Ships_by_Image","/w/images/thumb/a/a0/VincennesShipyardIcon.png/144px-VincennesShipyardIcon.png"
"1599761826-82","https://azurlane.koumakan.jp/List_of_Ships_by_Image","/w/images/thumb/c/c3/VampireShipyardIcon.png/144px-VampireShipyardIcon.png"
"1599761826-462","https://azurlane.koumakan.jp/List_of_Ships_by_Image","/w/images/thumb/b/b6/ShiranuiKaiShipyardIcon.png/144px-ShiranuiKaiShipyardIcon.png"
"1599761826-145","https://azurlane.koumakan.jp/List_of_Ships_by_Image","/w/images/thumb/c/c8/KinuShipyardIcon.png/144px-KinuShipyardIcon.png"
"1599761826-358","https://azurlane.koumakan.jp/List_of_Ships_by_Image","/w/images/thumb/e/e7/CooperShipyardIcon.png/144px-CooperShipyardIcon.png"
"1599761826-469","https://azurlane.koumakan.jp/List_of_Ships_by_Image","/w/images/thumb/d/d2/AbukumaKaiShipyardIcon.png/144px-AbukumaKaiShipyardIcon.png"
"1599761826-59","https://azurlane.koumakan.jp/List_of_Ships_by_Image","/w/images/thumb/6/67/SaratogaShipyardIcon.png/144px-SaratogaShipyardIcon.png"
"1599761826-376","https://azurlane.koumakan.jp/List_of_Ships_by_Image","/w/images/thumb/7/72/PerseusShipyardIcon.png/144px-PerseusShipyardIcon.png"
"1599761826-337","https://azurlane.koumakan.jp/List_of_Ships_by_Image","/w/images/thumb/b/b3/Gascogne_%C2%B5ShipyardIcon.png/144px-Gascogne_%C2%B5ShipyardIcon.png"
"1599761826-61","https://azurlane.koumakan.jp/List_of_Ships_by_Image","/w/images/thumb/6/6d/YorktownShipyardIcon.png/144px-YorktownShipyardIcon.png"
"1599761826-493","https://azurlane.koumakan.jp/List_of_Ships_by_Image","/w/images/thumb/2/23/SendaiKaiShipyardIcon.png/144px-SendaiKaiShipyardIcon.png"
"1599761826-213","https://azurlane.koumakan.jp/List_of_Ships_by_Image","/w/images/thumb/5/5a/KamikazeShipyardIcon.png/144px-KamikazeShipyardIcon.png"
"1599761826-377","https://azurlane.koumakan.jp/List_of_Ships_by_Image","/w/images/thumb/6/62/HermioneShipyardIcon.png/144px-HermioneShipyardIcon.png"
"1599761826-450","https://azurlane.koumakan.jp/List_of_Ships_by_Image","/w/images/thumb/a/a2/LeanderKaiShipyardIcon.png/144px-LeanderKaiShipyardIcon.png"
"1599761826-133","https://azurlane.koumakan.jp/List_of_Ships_by_Image","/w/images/thumb/d/dd/ShiranuiShipyardIcon.png/144px-ShiranuiShipyardIcon.png"
"1599761826-128","https://azurlane.koumakan.jp/List_of_Ships_by_Image","/w/images/thumb/5/57/ShiratsuyuShipyardIcon.png/144px-ShiratsuyuShipyardIcon.png"
"1599761826-90","https://azurlane.koumakan.jp/List_of_Ships_by_Image","/w/images/thumb/c/c8/EdinburghShipyardIcon.png/144px-EdinburghShipyardIcon.png"
"1599761826-428","https://azurlane.koumakan.jp/List_of_Ships_by_Image","/w/images/thumb/c/ce/LaffeyKaiShipyardIcon.png/144px-LaffeyKaiShipyardIcon.png"
"1599761826-423","https://azurlane.koumakan.jp/List_of_Ships_by_Image","/w/images/thumb/f/f6/MainzShipyardIcon.png/144px-MainzShipyardIcon.png"
"1599761826-249","https://azurlane.koumakan.jp/List_of_Ships_by_Image","/w/images/thumb/7/79/MontpelierShipyardIcon.png/144px-MontpelierShipyardIcon.png"
"1599761826-129","https://azurlane.koumakan.jp/List_of_Ships_by_Image","/w/images/thumb/b/b0/YuudachiShipyardIcon.png/144px-YuudachiShipyardIcon.png"
"1599761826-386","https://azurlane.koumakan.jp/List_of_Ships_by_Image","/w/images/thumb/7/7e/Purple_HeartShipyardIcon.png/144px-Purple_HeartShipyardIcon.png"
"1599761826-101","https://azurlane.koumakan.jp/List_of_Ships_by_Image","/w/images/thumb/5/5c/YorkShipyardIcon.png/144px-YorkShipyardIcon.png"
"1599761826-483","https://azurlane.koumakan.jp/List_of_Ships_by_Image","/w/images/thumb/1/12/K%C3%B6lnKaiShipyardIcon.png/144px-K%C3%B6lnKaiShipyardIcon.png"
"1599761826-246","https://azurlane.koumakan.jp/List_of_Ships_by_Image","/w/images/thumb/3/3d/MusketeerShipyardIcon.png/144px-MusketeerShipyardIcon.png"
"1599761826-30","https://azurlane.koumakan.jp/List_of_Ships_by_Image","/w/images/thumb/4/45/ClevelandShipyardIcon.png/144px-ClevelandShipyardIcon.png"
"1599761826-69","https://azurlane.koumakan.jp/List_of_Ships_by_Image","/w/images/thumb/a/af/BeagleShipyardIcon.png/144px-BeagleShipyardIcon.png"
"1599761826-125","https://azurlane.koumakan.jp/List_of_Ships_by_Image","/w/images/thumb/7/7d/HibikiShipyardIcon.png/144px-HibikiShipyardIcon.png"
"1599761826-407","https://azurlane.koumakan.jp/List_of_Ships_by_Image","/w/images/thumb/d/de/Murasaki_ShionShipyardIcon.png/144px-Murasaki_ShionShipyardIcon.png"
"1599761826-190","https://azurlane.koumakan.jp/List_of_Ships_by_Image","/w/images/thumb/7/77/LeipzigShipyardIcon.png/144px-LeipzigShipyardIcon.png"
"1599761826-5","https://azurlane.koumakan.jp/List_of_Ships_by_Image","/w/images/thumb/c/cd/CassinShipyardIcon.png/144px-CassinShipyardIcon.png"
"1599761826-472","https://azurlane.koumakan.jp/List_of_Ships_by_Image","/w/images/thumb/4/4e/KakoKaiShipyardIcon.png/144px-KakoKaiShipyardIcon.png"
"1599761826-412","https://azurlane.koumakan.jp/List_of_Ships_by_Image","/w/images/thumb/8/87/IzumoShipyardIcon.png/144px-IzumoShipyardIcon.png"
"1599761826-267","https://azurlane.koumakan.jp/List_of_Ships_by_Image","/w/images/thumb/4/43/Le_TriomphantShipyardIcon.png/144px-Le_TriomphantShipyardIcon.png"
"1599761826-226","https://azurlane.koumakan.jp/List_of_Ships_by_Image","/w/images/thumb/f/fe/YoizukiShipyardIcon.png/144px-YoizukiShipyardIcon.png"
"1599761826-319","https://azurlane.koumakan.jp/List_of_Ships_by_Image","/w/images/thumb/3/32/U-522ShipyardIcon.png/144px-U-522ShipyardIcon.png"
"1599761826-313","https://azurlane.koumakan.jp/List_of_Ships_by_Image","/w/images/thumb/4/4a/Le_MalinShipyardIcon.png/144px-Le_MalinShipyardIcon.png"
"1599761826-111","https://azurlane.koumakan.jp/List_of_Ships_by_Image","/w/images/thumb/1/16/Duke_of_YorkShipyardIcon.png/144px-Duke_of_YorkShipyardIcon.png"
"1599761826-490","https://azurlane.koumakan.jp/List_of_Ships_by_Image","/w/images/thumb/e/ea/MutsukiKaiShipyardIcon.png/144px-MutsukiKaiShipyardIcon.png"
"1599761826-85","https://azurlane.koumakan.jp/List_of_Ships_by_Image","/w/images/thumb/8/80/AjaxShipyardIcon.png/144px-AjaxShipyardIcon.png"
"1599761826-285","https://azurlane.koumakan.jp/List_of_Ships_by_Image","/w/images/thumb/7/7f/HazelwoodShipyardIcon.png/144px-HazelwoodShipyardIcon.png"
"1599761826-231","https://azurlane.koumakan.jp/List_of_Ships_by_Image","/w/images/thumb/4/40/HonoluluShipyardIcon.png/144px-HonoluluShipyardIcon.png"
"1599761826-342","https://azurlane.koumakan.jp/List_of_Ships_by_Image","/w/images/thumb/4/44/GlasgowShipyardIcon.png/144px-GlasgowShipyardIcon.png"
"1599761826-375","https://azurlane.koumakan.jp/List_of_Ships_by_Image","/w/images/thumb/f/f3/HoweShipyardIcon.png/144px-HoweShipyardIcon.png"
"1599761826-283","https://azurlane.koumakan.jp/List_of_Ships_by_Image","/w/images/thumb/7/78/KalkShipyardIcon.png/144px-KalkShipyardIcon.png"
"1599761826-32","https://azurlane.koumakan.jp/List_of_Ships_by_Image","/w/images/thumb/0/0f/PensacolaShipyardIcon.png/144px-PensacolaShipyardIcon.png"
"1599761826-64","https://azurlane.koumakan.jp/List_of_Ships_by_Image","/w/images/thumb/f/fa/WaspShipyardIcon.png/144px-WaspShipyardIcon.png"
"1599761826-49","https://azurlane.koumakan.jp/List_of_Ships_by_Image","/w/images/thumb/4/4d/ColoradoShipyardIcon.png/144px-ColoradoShipyardIcon.png"
"1599761826-203","https://azurlane.koumakan.jp/List_of_Ships_by_Image","/w/images/thumb/7/76/Tai_YuanShipyardIcon.png/144px-Tai_YuanShipyardIcon.png"
"1599761826-288","https://azurlane.koumakan.jp/List_of_Ships_by_Image","/w/images/thumb/b/bf/Kaga_%28Battleship%29ShipyardIcon.png/144px-Kaga_%28Battleship%29ShipyardIcon.png"
"1599761826-492","https://azurlane.koumakan.jp/List_of_Ships_by_Image","/w/images/thumb/e/eb/NicholasKaiShipyardIcon.png/144px-NicholasKaiShipyardIcon.png"
"1599761826-474","https://azurlane.koumakan.jp/List_of_Ships_by_Image","/w/images/thumb/c/c0/YamashiroKaiShipyardIcon.png/144px-YamashiroKaiShipyardIcon.png"
"1599761826-274","https://azurlane.koumakan.jp/List_of_Ships_by_Image","/w/images/thumb/6/62/MassachusettsShipyardIcon.png/144px-MassachusettsShipyardIcon.png"
"1599761826-473","https://azurlane.koumakan.jp/List_of_Ships_by_Image","/w/images/thumb/6/6c/FusouKaiShipyardIcon.png/144px-FusouKaiShipyardIcon.png"
"1599761826-251","https://azurlane.koumakan.jp/List_of_Ships_by_Image","/w/images/thumb/f/fd/AsashioShipyardIcon.png/144px-AsashioShipyardIcon.png"
"1599761826-181","https://azurlane.koumakan.jp/List_of_Ships_by_Image","/w/images/thumb/3/39/ZuikakuShipyardIcon.png/144px-ZuikakuShipyardIcon.png"
"1599761826-208","https://azurlane.koumakan.jp/List_of_Ships_by_Image","/w/images/thumb/1/12/BaileyShipyardIcon.png/144px-BaileyShipyardIcon.png"
"1599761826-130","https://azurlane.koumakan.jp/List_of_Ships_by_Image","/w/images/thumb/f/f6/ShigureShipyardIcon.png/144px-ShigureShipyardIcon.png"
"1599761826-498","https://azurlane.koumakan.jp/List_of_Ships_by_Image","/w/images/thumb/2/21/Emile_BertinKaiShipyardIcon.png/144px-Emile_BertinKaiShipyardIcon.png"
"1599761826-300","https://azurlane.koumakan.jp/List_of_Ships_by_Image","/w/images/thumb/a/a3/I-13ShipyardIcon.png/144px-I-13ShipyardIcon.png"
"1599761826-244","https://azurlane.koumakan.jp/List_of_Ships_by_Image","/w/images/thumb/a/a1/NoshiroShipyardIcon.png/144px-NoshiroShipyardIcon.png"
"1599761826-241","https://azurlane.koumakan.jp/List_of_Ships_by_Image","/w/images/thumb/2/29/TanikazeShipyardIcon.png/144px-TanikazeShipyardIcon.png"
"1599761826-365","https://azurlane.koumakan.jp/List_of_Ships_by_Image","/w/images/thumb/1/1e/Little_RenownShipyardIcon.png/144px-Little_RenownShipyardIcon.png"
"1599761826-323","https://azurlane.koumakan.jp/List_of_Ships_by_Image","/w/images/thumb/6/6c/San_JuanShipyardIcon.png/144px-San_JuanShipyardIcon.png"
"1599761826-15","https://azurlane.koumakan.jp/List_of_Ships_by_Image","/w/images/thumb/4/48/FooteShipyardIcon.png/144px-FooteShipyardIcon.png"
"1599761826-183","https://azurlane.koumakan.jp/List_of_Ships_by_Image","/w/images/thumb/a/aa/AkashiShipyardIcon.png/144px-AkashiShipyardIcon.png"
"1599761826-114","https://azurlane.koumakan.jp/List_of_Ships_by_Image","/w/images/thumb/5/56/EagleShipyardIcon.png/144px-EagleShipyardIcon.png"
"1599761826-445","https://azurlane.koumakan.jp/List_of_Ships_by_Image","/w/images/thumb/0/00/CrescentKaiShipyardIcon.png/144px-CrescentKaiShipyardIcon.png"
"1599761826-238","https://azurlane.koumakan.jp/List_of_Ships_by_Image","/w/images/thumb/5/50/UrakazeShipyardIcon.png/144px-UrakazeShipyardIcon.png"
"1599761826-359","https://azurlane.koumakan.jp/List_of_Ships_by_Image","/w/images/thumb/f/f8/RenoShipyardIcon.png/144px-RenoShipyardIcon.png"
"1599761826-397","https://azurlane.koumakan.jp/List_of_Ships_by_Image","/w/images/thumb/8/8c/FumiruiruShipyardIcon.png/144px-FumiruiruShipyardIcon.png"
"1599761826-395","https://azurlane.koumakan.jp/List_of_Ships_by_Image","/w/images/thumb/0/0b/UruuruShipyardIcon.png/144px-UruuruShipyardIcon.png"
"1599761826-141","https://azurlane.koumakan.jp/List_of_Ships_by_Image","/w/images/thumb/a/a3/OyashioShipyardIcon.png/144px-OyashioShipyardIcon.png"
"1599761826-186","https://azurlane.koumakan.jp/List_of_Ships_by_Image","/w/images/thumb/c/c5/Z25ShipyardIcon.png/144px-Z25ShipyardIcon.png"
"1599761826-354","https://azurlane.koumakan.jp/List_of_Ships_by_Image","/w/images/thumb/9/9f/GangutShipyardIcon.png/144px-GangutShipyardIcon.png"
"1599761826-478","https://azurlane.koumakan.jp/List_of_Ships_by_Image","/w/images/thumb/2/29/SouryuuKaiShipyardIcon.png/144px-SouryuuKaiShipyardIcon.png"
"1599761826-144","https://azurlane.koumakan.jp/List_of_Ships_by_Image","/w/images/thumb/a/a3/IsuzuShipyardIcon.png/144px-IsuzuShipyardIcon.png"
"1599761826-455","https://azurlane.koumakan.jp/List_of_Ships_by_Image","/w/images/thumb/8/8f/YorkKaiShipyardIcon.png/144px-YorkKaiShipyardIcon.png"
"1599761826-98","https://azurlane.koumakan.jp/List_of_Ships_by_Image","/w/images/thumb/1/10/SuffolkShipyardIcon.png/144px-SuffolkShipyardIcon.png"
"1599761826-441","https://azurlane.koumakan.jp/List_of_Ships_by_Image","/w/images/thumb/e/ef/AmazonKaiShipyardIcon.png/144px-AmazonKaiShipyardIcon.png"
"1599761826-310","https://azurlane.koumakan.jp/List_of_Ships_by_Image","/w/images/thumb/5/59/CleveladShipyardIcon.png/144px-CleveladShipyardIcon.png"
"1599761826-335","https://azurlane.koumakan.jp/List_of_Ships_by_Image","/w/images/thumb/a/ae/U-110ShipyardIcon.png/144px-U-110ShipyardIcon.png"
"1599761826-410","https://azurlane.koumakan.jp/List_of_Ships_by_Image","/w/images/thumb/e/e2/MonarchShipyardIcon.png/144px-MonarchShipyardIcon.png"
"1599761826-172","https://azurlane.koumakan.jp/List_of_Ships_by_Image","/w/images/thumb/4/42/JunyouShipyardIcon.png/144px-JunyouShipyardIcon.png"
"1599761826-189","https://azurlane.koumakan.jp/List_of_Ships_by_Image","/w/images/thumb/8/88/K%C3%B6lnShipyardIcon.png/144px-K%C3%B6lnShipyardIcon.png"
"1599761826-429","https://azurlane.koumakan.jp/List_of_Ships_by_Image","/w/images/thumb/3/38/SimsKaiShipyardIcon.png/144px-SimsKaiShipyardIcon.png"
"1599761826-139","https://azurlane.koumakan.jp/List_of_Ships_by_Image","/w/images/thumb/2/28/YuugureShipyardIcon.png/144px-YuugureShipyardIcon.png"
"1599761826-408","https://azurlane.koumakan.jp/List_of_Ships_by_Image","/w/images/thumb/5/5e/Ookami_MioShipyardIcon.png/144px-Ookami_MioShipyardIcon.png"
"1599761826-258","https://azurlane.koumakan.jp/List_of_Ships_by_Image","/w/images/thumb/3/33/I-19ShipyardIcon.png/144px-I-19ShipyardIcon.png"
"1599761826-173","https://azurlane.koumakan.jp/List_of_Ships_by_Image","/w/images/thumb/7/7f/HoushouShipyardIcon.png/144px-HoushouShipyardIcon.png"
"1599761826-482","https://azurlane.koumakan.jp/List_of_Ships_by_Image","/w/images/thumb/f/f6/KarlsruheKaiShipyardIcon.png/144px-KarlsruheKaiShipyardIcon.png"
"1599761826-385","https://azurlane.koumakan.jp/List_of_Ships_by_Image","/w/images/thumb/2/2a/VertShipyardIcon.png/144px-VertShipyardIcon.png"
"1599761826-312","https://azurlane.koumakan.jp/List_of_Ships_by_Image","/w/images/thumb/1/1c/SwiftsureShipyardIcon.png/144px-SwiftsureShipyardIcon.png"
"1599761826-351","https://azurlane.koumakan.jp/List_of_Ships_by_Image","/w/images/thumb/e/e5/TashkentShipyardIcon.png/144px-TashkentShipyardIcon.png"
"1599761826-404","https://azurlane.koumakan.jp/List_of_Ships_by_Image","/w/images/thumb/e/e0/Minato_AquaShipyardIcon.png/144px-Minato_AquaShipyardIcon.png"
"1599761826-247","https://azurlane.koumakan.jp/List_of_Ships_by_Image","/w/images/thumb/f/fa/FijiShipyardIcon.png/144px-FijiShipyardIcon.png"
"1599761826-38","https://azurlane.koumakan.jp/List_of_Ships_by_Image","/w/images/thumb/3/3c/IndianapolisShipyardIcon.png/144px-IndianapolisShipyardIcon.png"
"1599761826-198","https://azurlane.koumakan.jp/List_of_Ships_by_Image","/w/images/thumb/3/3f/TirpitzShipyardIcon.png/144px-TirpitzShipyardIcon.png"
"1599761826-390","https://azurlane.koumakan.jp/List_of_Ships_by_Image","/w/images/thumb/6/64/22ShipyardIcon.png/144px-22ShipyardIcon.png"
"1599761826-214","https://azurlane.koumakan.jp/List_of_Ships_by_Image","/w/images/thumb/3/3a/MatsukazeShipyardIcon.png/144px-MatsukazeShipyardIcon.png"
"1599761826-180","https://azurlane.koumakan.jp/List_of_Ships_by_Image","/w/images/thumb/0/06/ShoukakuShipyardIcon.png/144px-ShoukakuShipyardIcon.png"
"1599761826-357","https://azurlane.koumakan.jp/List_of_Ships_by_Image","/w/images/thumb/c/c0/BremertonShipyardIcon.png/144px-BremertonShipyardIcon.png"
"1599761826-159","https://azurlane.koumakan.jp/List_of_Ships_by_Image","/w/images/thumb/a/ad/ChoukaiShipyardIcon.png/144px-ChoukaiShipyardIcon.png"
"1599761826-45","https://azurlane.koumakan.jp/List_of_Ships_by_Image","/w/images/thumb/1/16/OklahomaShipyardIcon.png/144px-OklahomaShipyardIcon.png"
"1599761826-291","https://azurlane.koumakan.jp/List_of_Ships_by_Image","/w/images/thumb/a/af/SiriusShipyardIcon.png/144px-SiriusShipyardIcon.png"
"1599761826-294","https://azurlane.koumakan.jp/List_of_Ships_by_Image","/w/images/thumb/3/36/KimberlyShipyardIcon.png/144px-KimberlyShipyardIcon.png"
"1599761826-140","https://azurlane.koumakan.jp/List_of_Ships_by_Image","/w/images/thumb/e/e9/KuroshioShipyardIcon.png/144px-KuroshioShipyardIcon.png"
"1599761826-20","https://azurlane.koumakan.jp/List_of_Ships_by_Image","/w/images/thumb/a/a2/HammannShipyardIcon.png/144px-HammannShipyardIcon.png"
"1599761826-260","https://azurlane.koumakan.jp/List_of_Ships_by_Image","/w/images/thumb/7/74/I-58ShipyardIcon.png/144px-I-58ShipyardIcon.png"
"1599761826-383","https://azurlane.koumakan.jp/List_of_Ships_by_Image","/w/images/thumb/d/d5/NoireShipyardIcon.png/144px-NoireShipyardIcon.png"
"1599761826-489","https://azurlane.koumakan.jp/List_of_Ships_by_Image","/w/images/thumb/d/d0/MatsukazeKaiShipyardIcon.png/144px-MatsukazeKaiShipyardIcon.png"
"1599761826-52","https://azurlane.koumakan.jp/List_of_Ships_by_Image","/w/images/thumb/4/47/North_CarolinaShipyardIcon.png/144px-North_CarolinaShipyardIcon.png"
"1599761826-449","https://azurlane.koumakan.jp/List_of_Ships_by_Image","/w/images/thumb/1/13/JavelinKaiShipyardIcon.png/144px-JavelinKaiShipyardIcon.png"
"1599761826-322","https://azurlane.koumakan.jp/List_of_Ships_by_Image","/w/images/thumb/9/91/BataanShipyardIcon.png/144px-BataanShipyardIcon.png"
"1599761826-290","https://azurlane.koumakan.jp/List_of_Ships_by_Image","/w/images/thumb/7/7e/MakinamiShipyardIcon.png/144px-MakinamiShipyardIcon.png"
"1599761826-254","https://azurlane.koumakan.jp/List_of_Ships_by_Image","/w/images/thumb/7/7a/ArashioShipyardIcon.png/144px-ArashioShipyardIcon.png"
"1599761826-200","https://azurlane.koumakan.jp/List_of_Ships_by_Image","/w/images/thumb/2/28/An_ShanShipyardIcon.png/144px-An_ShanShipyardIcon.png"
"1599761826-219","https://azurlane.koumakan.jp/List_of_Ships_by_Image","/w/images/thumb/f/ff/FumizukiShipyardIcon.png/144px-FumizukiShipyardIcon.png"
"1599761826-484","https://azurlane.koumakan.jp/List_of_Ships_by_Image","/w/images/thumb/5/5f/LeipzigKaiShipyardIcon.png/144px-LeipzigKaiShipyardIcon.png"
"1599761826-346","https://azurlane.koumakan.jp/List_of_Ships_by_Image","/w/images/thumb/3/31/Halsey_PowellShipyardIcon.png/144px-Halsey_PowellShipyardIcon.png"
"1599761826-51","https://azurlane.koumakan.jp/List_of_Ships_by_Image","/w/images/thumb/e/e7/West_VirginiaShipyardIcon.png/144px-West_VirginiaShipyardIcon.png"
"1599761826-115","https://azurlane.koumakan.jp/List_of_Ships_by_Image","/w/images/thumb/0/07/Ark_RoyalShipyardIcon.png/144px-Ark_RoyalShipyardIcon.png"
"1599761826-220","https://azurlane.koumakan.jp/List_of_Ships_by_Image","/w/images/thumb/3/38/NagatsukiShipyardIcon.png/144px-NagatsukiShipyardIcon.png"
"1599761826-453","https://azurlane.koumakan.jp/List_of_Ships_by_Image","/w/images/thumb/1/1f/LondonKaiShipyardIcon.png/144px-LondonKaiShipyardIcon.png"
"1599761826-39","https://azurlane.koumakan.jp/List_of_Ships_by_Image","/w/images/thumb/c/ce/AstoriaShipyardIcon.png/144px-AstoriaShipyardIcon.png"
"1599761826-304","https://azurlane.koumakan.jp/List_of_Ships_by_Image","/w/images/thumb/e/ed/ZeppyShipyardIcon.png/144px-ZeppyShipyardIcon.png"
"1599761826-499","https://azurlane.koumakan.jp/List_of_Ships_by_Image","/w/images/thumb/b/b6/Le_MarsKaiShipyardIcon.png/144px-Le_MarsKaiShipyardIcon.png"
"1599761826-264","https://azurlane.koumakan.jp/List_of_Ships_by_Image","/w/images/thumb/3/3f/U-557ShipyardIcon.png/144px-U-557ShipyardIcon.png"
"1599761826-333","https://azurlane.koumakan.jp/List_of_Ships_by_Image","/w/images/thumb/0/00/TrentoShipyardIcon.png/144px-TrentoShipyardIcon.png"
"1599761826-361","https://azurlane.koumakan.jp/List_of_Ships_by_Image","/w/images/thumb/0/0a/CasablancaShipyardIcon.png/144px-CasablancaShipyardIcon.png"
"1599761826-350","https://azurlane.koumakan.jp/List_of_Ships_by_Image","/w/images/thumb/f/f3/MinskShipyardIcon.png/144px-MinskShipyardIcon.png"
"1599761826-221","https://azurlane.koumakan.jp/List_of_Ships_by_Image","/w/images/thumb/f/f1/MikazukiShipyardIcon.png/144px-MikazukiShipyardIcon.png"
"1599761826-209","https://azurlane.koumakan.jp/List_of_Ships_by_Image","/w/images/thumb/1/1c/Z19ShipyardIcon.png/144px-Z19ShipyardIcon.png"
"1599761826-277","https://azurlane.koumakan.jp/List_of_Ships_by_Image","/w/images/thumb/a/a3/EssexShipyardIcon.png/144px-EssexShipyardIcon.png"
"1599761826-171","https://azurlane.koumakan.jp/List_of_Ships_by_Image","/w/images/thumb/e/e8/HiyouShipyardIcon.png/144px-HiyouShipyardIcon.png"
"1599761826-222","https://azurlane.koumakan.jp/List_of_Ships_by_Image","/w/images/thumb/7/70/KawakazeShipyardIcon.png/144px-KawakazeShipyardIcon.png"
"1599761826-485","https://azurlane.koumakan.jp/List_of_Ships_by_Image","/w/images/thumb/5/5c/Ning_HaiKaiShipyardIcon.png/144px-Ning_HaiKaiShipyardIcon.png"
"1599761826-265","https://azurlane.koumakan.jp/List_of_Ships_by_Image","/w/images/thumb/9/9b/Z35ShipyardIcon.png/144px-Z35ShipyardIcon.png"
"1599761826-138","https://azurlane.koumakan.jp/List_of_Ships_by_Image","/w/images/thumb/0/0f/AriakeShipyardIcon.png/144px-AriakeShipyardIcon.png"
"1599761826-448","https://azurlane.koumakan.jp/List_of_Ships_by_Image","/w/images/thumb/1/13/FortuneKaiShipyardIcon.png/144px-FortuneKaiShipyardIcon.png"
"1599761826-96","https://azurlane.koumakan.jp/List_of_Ships_by_Image","/w/images/thumb/d/d5/ShropshireShipyardIcon.png/144px-ShropshireShipyardIcon.png"
"1599761826-327","https://azurlane.koumakan.jp/List_of_Ships_by_Image","/w/images/thumb/3/3b/Black_PrinceShipyardIcon.png/144px-Black_PrinceShipyardIcon.png"
"1599761826-343","https://azurlane.koumakan.jp/List_of_Ships_by_Image","/w/images/thumb/9/91/KasumiShipyardIcon.png/144px-KasumiShipyardIcon.png"
"1599761826-401","https://azurlane.koumakan.jp/List_of_Ships_by_Image","/w/images/thumb/9/91/Super_Gamer_Kizuna_AIShipyardIcon.png/144px-Super_Gamer_Kizuna_AIShipyardIcon.png"
"1599761826-388","https://azurlane.koumakan.jp/List_of_Ships_by_Image","/w/images/thumb/d/dc/White_HeartShipyardIcon.png/144px-White_HeartShipyardIcon.png"
"1599761826-496","https://azurlane.koumakan.jp/List_of_Ships_by_Image","/w/images/thumb/a/ad/TanikazeKaiShipyardIcon.png/144px-TanikazeKaiShipyardIcon.png"
"1599761826-18","https://azurlane.koumakan.jp/List_of_Ships_by_Image","/w/images/thumb/b/b4/LaffeyShipyardIcon.png/144px-LaffeyShipyardIcon.png"
"1599761826-154","https://azurlane.koumakan.jp/List_of_Ships_by_Image","/w/images/thumb/8/8f/NachiShipyardIcon.png/144px-NachiShipyardIcon.png"
"1599761826-280","https://azurlane.koumakan.jp/List_of_Ships_by_Image","/w/images/thumb/b/bc/MemphisShipyardIcon.png/144px-MemphisShipyardIcon.png"
"1599761826-459","https://azurlane.koumakan.jp/List_of_Ships_by_Image","/w/images/thumb/f/f6/AyanamiKaiShipyardIcon.png/144px-AyanamiKaiShipyardIcon.png"
"1599761826-89","https://azurlane.koumakan.jp/List_of_Ships_by_Image","/w/images/thumb/2/2d/GloucesterShipyardIcon.png/144px-GloucesterShipyardIcon.png"
"1599761826-427","https://azurlane.koumakan.jp/List_of_Ships_by_Image","/w/images/thumb/3/33/DownesKaiShipyardIcon.png/144px-DownesKaiShipyardIcon.png"
"1599761826-320","https://azurlane.koumakan.jp/List_of_Ships_by_Image","/w/images/thumb/7/72/AlabamaShipyardIcon.png/144px-AlabamaShipyardIcon.png"
"1599761826-416","https://azurlane.koumakan.jp/List_of_Ships_by_Image","/w/images/thumb/f/fc/GeorgiaShipyardIcon.png/144px-GeorgiaShipyardIcon.png"
"1599761826-50","https://azurlane.koumakan.jp/List_of_Ships_by_Image","/w/images/thumb/6/67/MarylandShipyardIcon.png/144px-MarylandShipyardIcon.png"
"1599761826-40","https://azurlane.koumakan.jp/List_of_Ships_by_Image","/w/images/thumb/4/48/QuincyShipyardIcon.png/144px-QuincyShipyardIcon.png"
"1599761826-207","https://azurlane.koumakan.jp/List_of_Ships_by_Image","/w/images/thumb/0/06/AvroraShipyardIcon.png/144px-AvroraShipyardIcon.png"
"1599761826-374","https://azurlane.koumakan.jp/List_of_Ships_by_Image","/w/images/thumb/2/25/EskimoShipyardIcon.png/144px-EskimoShipyardIcon.png"
"1599761826-307","https://azurlane.koumakan.jp/List_of_Ships_by_Image","/w/images/thumb/c/ca/Z36ShipyardIcon.png/144px-Z36ShipyardIcon.png"
"1599761826-302","https://azurlane.koumakan.jp/List_of_Ships_by_Image","/w/images/thumb/f/fc/Hiei-chanShipyardIcon.png/144px-Hiei-chanShipyardIcon.png"
"1599761826-54","https://azurlane.koumakan.jp/List_of_Ships_by_Image","/w/images/thumb/f/fa/South_DakotaShipyardIcon.png/144px-South_DakotaShipyardIcon.png"
"1599761826-230","https://azurlane.koumakan.jp/List_of_Ships_by_Image","/w/images/thumb/a/a5/RichmondShipyardIcon.png/144px-RichmondShipyardIcon.png"
"1599761826-95","https://azurlane.koumakan.jp/List_of_Ships_by_Image","/w/images/thumb/5/58/LondonShipyardIcon.png/144px-LondonShipyardIcon.png"
"1599761826-470","https://azurlane.koumakan.jp/List_of_Ships_by_Image","/w/images/thumb/f/f0/MogamiKaiShipyardIcon.png/144px-MogamiKaiShipyardIcon.png"
"1599761826-106","https://azurlane.koumakan.jp/List_of_Ships_by_Image","/w/images/thumb/1/1a/Queen_ElizabethShipyardIcon.png/144px-Queen_ElizabethShipyardIcon.png"
"1599761826-421","https://azurlane.koumakan.jp/List_of_Ships_by_Image","/w/images/thumb/f/fd/CheshireShipyardIcon.png/144px-CheshireShipyardIcon.png"
"1599761826-66","https://azurlane.koumakan.jp/List_of_Ships_by_Image","/w/images/thumb/5/56/AmazonShipyardIcon.png/144px-AmazonShipyardIcon.png"
"1599761826-118","https://azurlane.koumakan.jp/List_of_Ships_by_Image","/w/images/thumb/9/9a/FormidableShipyardIcon.png/144px-FormidableShipyardIcon.png"
"1599761826-339","https://azurlane.koumakan.jp/List_of_Ships_by_Image","/w/images/thumb/0/09/Cleveland_%C2%B5ShipyardIcon.png/144px-Cleveland_%C2%B5ShipyardIcon.png"
"1599761826-10","https://azurlane.koumakan.jp/List_of_Ships_by_Image","/w/images/thumb/3/39/MauryShipyardIcon.png/144px-MauryShipyardIcon.png"
"1599761826-250","https://azurlane.koumakan.jp/List_of_Ships_by_Image","/w/images/thumb/e/e3/DenverShipyardIcon.png/144px-DenverShipyardIcon.png"
"1599761826-99","https://azurlane.koumakan.jp/List_of_Ships_by_Image","/w/images/thumb/3/37/NorfolkShipyardIcon.png/144px-NorfolkShipyardIcon.png"
"1599761826-126","https://azurlane.koumakan.jp/List_of_Ships_by_Image","/w/images/thumb/6/6a/IkazuchiShipyardIcon.png/144px-IkazuchiShipyardIcon.png"
"1599761826-458","https://azurlane.koumakan.jp/List_of_Ships_by_Image","/w/images/thumb/3/32/HermesKaiShipyardIcon.png/144px-HermesKaiShipyardIcon.png"
"1599761826-266","https://azurlane.koumakan.jp/List_of_Ships_by_Image","/w/images/thumb/a/a3/Z18ShipyardIcon.png/144px-Z18ShipyardIcon.png"
"1599761826-42","https://azurlane.koumakan.jp/List_of_Ships_by_Image","/w/images/thumb/b/b7/WichitaShipyardIcon.png/144px-WichitaShipyardIcon.png"
"1599761826-86","https://azurlane.koumakan.jp/List_of_Ships_by_Image","/w/images/thumb/1/18/DidoShipyardIcon.png/144px-DidoShipyardIcon.png"
"1599761826-311","https://azurlane.koumakan.jp/List_of_Ships_by_Image","/w/images/thumb/5/57/Li%27l_SandyShipyardIcon.png/144px-Li%27l_SandyShipyardIcon.png"
"1599761826-27","https://azurlane.koumakan.jp/List_of_Ships_by_Image","/w/images/thumb/0/01/AtlantaShipyardIcon.png/144px-AtlantaShipyardIcon.png"
"1599761826-461","https://azurlane.koumakan.jp/List_of_Ships_by_Image","/w/images/thumb/f/f7/KagerouKaiShipyardIcon.png/144px-KagerouKaiShipyardIcon.png"
"1599761826-325","https://azurlane.koumakan.jp/List_of_Ships_by_Image","/w/images/thumb/e/e8/AylwinShipyardIcon.png/144px-AylwinShipyardIcon.png"
"1599761826-332","https://azurlane.koumakan.jp/List_of_Ships_by_Image","/w/images/thumb/b/b5/ZaraShipyardIcon.png/144px-ZaraShipyardIcon.png"
"1599761826-289","https://azurlane.koumakan.jp/List_of_Ships_by_Image","/w/images/thumb/2/20/HatakazeShipyardIcon.png/144px-HatakazeShipyardIcon.png"
"1599761826-167","https://azurlane.koumakan.jp/List_of_Ships_by_Image","/w/images/thumb/d/df/HyuugaShipyardIcon.png/144px-HyuugaShipyardIcon.png"
"1599761826-494","https://azurlane.koumakan.jp/List_of_Ships_by_Image","/w/images/thumb/b/b3/JintsuuKaiShipyardIcon.png/144px-JintsuuKaiShipyardIcon.png"
"1599761826-224","https://azurlane.koumakan.jp/List_of_Ships_by_Image","/w/images/thumb/2/22/NiizukiShipyardIcon.png/144px-NiizukiShipyardIcon.png"
"1599761826-444","https://azurlane.koumakan.jp/List_of_Ships_by_Image","/w/images/thumb/c/ce/CometKaiShipyardIcon.png/144px-CometKaiShipyardIcon.png"
"1599761826-121","https://azurlane.koumakan.jp/List_of_Ships_by_Image","/w/images/thumb/3/3d/TerrorShipyardIcon.png/144px-TerrorShipyardIcon.png"
"1599761826-76","https://azurlane.koumakan.jp/List_of_Ships_by_Image","/w/images/thumb/3/3d/GrenvilleShipyardIcon.png/144px-GrenvilleShipyardIcon.png"
"1599761826-259","https://azurlane.koumakan.jp/List_of_Ships_by_Image","/w/images/thumb/5/5a/I-26ShipyardIcon.png/144px-I-26ShipyardIcon.png"
"1599761826-486","https://azurlane.koumakan.jp/List_of_Ships_by_Image","/w/images/thumb/d/d8/Ping_HaiKaiShipyardIcon.png/144px-Ping_HaiKaiShipyardIcon.png"
"1599761826-228","https://azurlane.koumakan.jp/List_of_Ships_by_Image","/w/images/thumb/7/7a/JenkinsShipyardIcon.png/144px-JenkinsShipyardIcon.png"
"1599761826-4","https://azurlane.koumakan.jp/List_of_Ships_by_Image","/w/images/thumb/e/e9/DeweyShipyardIcon.png/144px-DeweyShipyardIcon.png"
"1599761826-148","https://azurlane.koumakan.jp/List_of_Ships_by_Image","/w/images/thumb/7/7e/MikumaShipyardIcon.png/144px-MikumaShipyardIcon.png"
"1599761826-438","https://azurlane.koumakan.jp/List_of_Ships_by_Image","/w/images/thumb/7/79/LangleyKaiShipyardIcon.png/144px-LangleyKaiShipyardIcon.png"
"1599761826-426","https://azurlane.koumakan.jp/List_of_Ships_by_Image","/w/images/thumb/a/ae/CassinKaiShipyardIcon.png/144px-CassinKaiShipyardIcon.png"
"1599761826-440","https://azurlane.koumakan.jp/List_of_Ships_by_Image","/w/images/thumb/4/43/RangerKaiShipyardIcon.png/144px-RangerKaiShipyardIcon.png"
"1599761826-223","https://azurlane.koumakan.jp/List_of_Ships_by_Image","/w/images/thumb/c/cf/KiyonamiShipyardIcon.png/144px-KiyonamiShipyardIcon.png"
"1599761826-248","https://azurlane.koumakan.jp/List_of_Ships_by_Image","/w/images/thumb/6/66/JamaicaShipyardIcon.png/144px-JamaicaShipyardIcon.png"
"1599761826-87","https://azurlane.koumakan.jp/List_of_Ships_by_Image","/w/images/thumb/0/01/SouthamptonShipyardIcon.png/144px-SouthamptonShipyardIcon.png"
"1599761826-127","https://azurlane.koumakan.jp/List_of_Ships_by_Image","/w/images/thumb/4/4b/InazumaShipyardIcon.png/144px-InazumaShipyardIcon.png"
"1599761826-269","https://azurlane.koumakan.jp/List_of_Ships_by_Image","/w/images/thumb/9/9d/%C3%89mile_BertinShipyardIcon.png/144px-%C3%89mile_BertinShipyardIcon.png"
"1599761826-9","https://azurlane.koumakan.jp/List_of_Ships_by_Image","/w/images/thumb/1/16/McCallShipyardIcon.png/144px-McCallShipyardIcon.png"
"1599761826-24","https://azurlane.koumakan.jp/List_of_Ships_by_Image","/w/images/thumb/5/52/BrooklynShipyardIcon.png/144px-BrooklynShipyardIcon.png"
"1599761826-389","https://azurlane.koumakan.jp/List_of_Ships_by_Image","/w/images/thumb/5/5f/Green_HeartShipyardIcon.png/144px-Green_HeartShipyardIcon.png"
"1599761826-79","https://azurlane.koumakan.jp/List_of_Ships_by_Image","/w/images/thumb/e/ed/HunterShipyardIcon.png/144px-HunterShipyardIcon.png"
"1599761826-382","https://azurlane.koumakan.jp/List_of_Ships_by_Image","/w/images/thumb/9/98/HDN_NeptuneShipyardIcon.png/144px-HDN_NeptuneShipyardIcon.png"
"1599761826-204","https://azurlane.koumakan.jp/List_of_Ships_by_Image","/w/images/thumb/e/eb/Yat_SenShipyardIcon.png/144px-Yat_SenShipyardIcon.png"
"1599761826-192","https://azurlane.koumakan.jp/List_of_Ships_by_Image","/w/images/thumb/b/b0/Prinz_EugenShipyardIcon.png/144px-Prinz_EugenShipyardIcon.png"
"1599761826-194","https://azurlane.koumakan.jp/List_of_Ships_by_Image","/w/images/thumb/8/83/Admiral_Graf_SpeeShipyardIcon.png/144px-Admiral_Graf_SpeeShipyardIcon.png"
"1599761826-112","https://azurlane.koumakan.jp/List_of_Ships_by_Image","/w/images/thumb/c/ca/HermesShipyardIcon.png/144px-HermesShipyardIcon.png"
"1599761826-318","https://azurlane.koumakan.jp/List_of_Ships_by_Image","/w/images/thumb/5/5e/U-101ShipyardIcon.png/144px-U-101ShipyardIcon.png"
"1599761826-402","https://azurlane.koumakan.jp/List_of_Ships_by_Image","/w/images/thumb/1/17/Shirakami_FubukiShipyardIcon.png/144px-Shirakami_FubukiShipyardIcon.png"
"1599761826-113","https://azurlane.koumakan.jp/List_of_Ships_by_Image","/w/images/thumb/5/55/UnicornShipyardIcon.png/144px-UnicornShipyardIcon.png"
"1599761826-471","https://azurlane.koumakan.jp/List_of_Ships_by_Image","/w/images/thumb/0/01/FurutakaKaiShipyardIcon.png/144px-FurutakaKaiShipyardIcon.png"
"1599761826-324","https://azurlane.koumakan.jp/List_of_Ships_by_Image","/w/images/thumb/c/cf/BirminghamShipyardIcon.png/144px-BirminghamShipyardIcon.png"
"1599761826-191","https://azurlane.koumakan.jp/List_of_Ships_by_Image","/w/images/thumb/6/6b/Admiral_HipperShipyardIcon.png/144px-Admiral_HipperShipyardIcon.png"
"1599761826-25","https://azurlane.koumakan.jp/List_of_Ships_by_Image","/w/images/thumb/5/56/PhoenixShipyardIcon.png/144px-PhoenixShipyardIcon.png"
"1599761826-134","https://azurlane.koumakan.jp/List_of_Ships_by_Image","/w/images/thumb/c/ce/NowakiShipyardIcon.png/144px-NowakiShipyardIcon.png"
"1599761826-163","https://azurlane.koumakan.jp/List_of_Ships_by_Image","/w/images/thumb/b/b0/KirishimaShipyardIcon.png/144px-KirishimaShipyardIcon.png"
"1599761826-162","https://azurlane.koumakan.jp/List_of_Ships_by_Image","/w/images/thumb/1/13/HarunaShipyardIcon.png/144px-HarunaShipyardIcon.png"
"1599761826-344","https://azurlane.koumakan.jp/List_of_Ships_by_Image","/w/images/thumb/5/5c/SurugaShipyardIcon.png/144px-SurugaShipyardIcon.png"
"1599761826-261","https://azurlane.koumakan.jp/List_of_Ships_by_Image","/w/images/thumb/8/85/U-81ShipyardIcon.png/144px-U-81ShipyardIcon.png"
"1599761826-21","https://azurlane.koumakan.jp/List_of_Ships_by_Image","/w/images/thumb/5/53/EldridgeShipyardIcon.png/144px-EldridgeShipyardIcon.png"
"1599761826-481","https://azurlane.koumakan.jp/List_of_Ships_by_Image","/w/images/thumb/7/70/Z23KaiShipyardIcon.png/144px-Z23KaiShipyardIcon.png"
"1599761826-146","https://azurlane.koumakan.jp/List_of_Ships_by_Image","/w/images/thumb/f/fa/AbukumaShipyardIcon.png/144px-AbukumaShipyardIcon.png"
"1599761826-78","https://azurlane.koumakan.jp/List_of_Ships_by_Image","/w/images/thumb/d/d0/HardyShipyardIcon.png/144px-HardyShipyardIcon.png"
"1599761826-353","https://azurlane.koumakan.jp/List_of_Ships_by_Image","/w/images/thumb/2/2e/ChapayevShipyardIcon.png/144px-ChapayevShipyardIcon.png"
"1599761826-368","https://azurlane.koumakan.jp/List_of_Ships_by_Image","/w/images/thumb/a/a6/Jeanne_d%27ArcShipyardIcon.png/144px-Jeanne_d%27ArcShipyardIcon.png"
"1599761826-92","https://azurlane.koumakan.jp/List_of_Ships_by_Image","/w/images/thumb/0/0a/ArethusaShipyardIcon.png/144px-ArethusaShipyardIcon.png"
"1599761826-157","https://azurlane.koumakan.jp/List_of_Ships_by_Image","/w/images/thumb/9/9b/AtagoShipyardIcon.png/144px-AtagoShipyardIcon.png"
"1599761826-279","https://azurlane.koumakan.jp/List_of_Ships_by_Image","/w/images/thumb/2/2d/Le_T%C3%A9m%C3%A9raireShipyardIcon.png/144px-Le_T%C3%A9m%C3%A9raireShipyardIcon.png"
"1599761826-348","https://azurlane.koumakan.jp/List_of_Ships_by_Image","/w/images/thumb/e/eb/UranamiShipyardIcon.png/144px-UranamiShipyardIcon.png"
"1599761826-338","https://azurlane.koumakan.jp/List_of_Ships_by_Image","/w/images/thumb/5/5c/Akagi_%C2%B5ShipyardIcon.png/144px-Akagi_%C2%B5ShipyardIcon.png"
"1599761826-12","https://azurlane.koumakan.jp/List_of_Ships_by_Image","/w/images/thumb/4/45/Charles_AusburneShipyardIcon.png/144px-Charles_AusburneShipyardIcon.png"
"1599761826-276","https://azurlane.koumakan.jp/List_of_Ships_by_Image","/w/images/thumb/0/0c/CentaurShipyardIcon.png/144px-CentaurShipyardIcon.png"
"1599761826-205","https://azurlane.koumakan.jp/List_of_Ships_by_Image","/w/images/thumb/2/23/Ning_HaiShipyardIcon.png/144px-Ning_HaiShipyardIcon.png"
"1599761826-340","https://azurlane.koumakan.jp/List_of_Ships_by_Image","/w/images/thumb/2/22/Sheffield_%C2%B5ShipyardIcon.png/144px-Sheffield_%C2%B5ShipyardIcon.png"
"1599761826-457","https://azurlane.koumakan.jp/List_of_Ships_by_Image","/w/images/thumb/4/4a/WarspiteKaiShipyardIcon.png/144px-WarspiteKaiShipyardIcon.png"
"1599761826-308","https://azurlane.koumakan.jp/List_of_Ships_by_Image","/w/images/thumb/e/e4/EchoShipyardIcon.png/144px-EchoShipyardIcon.png"
"1599761826-234","https://azurlane.koumakan.jp/List_of_Ships_by_Image","/w/images/thumb/0/08/JerseyShipyardIcon.png/144px-JerseyShipyardIcon.png"
"1599761826-381","https://azurlane.koumakan.jp/List_of_Ships_by_Image","/w/images/thumb/0/00/U-96ShipyardIcon.png/144px-U-96ShipyardIcon.png"
"1599761826-109","https://azurlane.koumakan.jp/List_of_Ships_by_Image","/w/images/thumb/0/06/RodneyShipyardIcon.png/144px-RodneyShipyardIcon.png"
"1599761826-60","https://azurlane.koumakan.jp/List_of_Ships_by_Image","/w/images/thumb/5/5c/RangerShipyardIcon.png/144px-RangerShipyardIcon.png"
"1599761826-243","https://azurlane.koumakan.jp/List_of_Ships_by_Image","/w/images/thumb/b/b8/AganoShipyardIcon.png/144px-AganoShipyardIcon.png"
"1599761826-479","https://azurlane.koumakan.jp/List_of_Ships_by_Image","/w/images/thumb/9/91/HiryuuKaiShipyardIcon.png/144px-HiryuuKaiShipyardIcon.png"
"1599761826-94","https://azurlane.koumakan.jp/List_of_Ships_by_Image","/w/images/thumb/5/5f/AuroraShipyardIcon.png/144px-AuroraShipyardIcon.png"
"1599761826-84","https://azurlane.koumakan.jp/List_of_Ships_by_Image","/w/images/thumb/5/53/AchillesShipyardIcon.png/144px-AchillesShipyardIcon.png"
"1599761826-232","https://azurlane.koumakan.jp/List_of_Ships_by_Image","/w/images/thumb/e/e7/St._LouisShipyardIcon.png/144px-St._LouisShipyardIcon.png"
"1599761826-433","https://azurlane.koumakan.jp/List_of_Ships_by_Image","/w/images/thumb/e/e6/PortlandKaiShipyardIcon.png/144px-PortlandKaiShipyardIcon.png"
"1599761826-80","https://azurlane.koumakan.jp/List_of_Ships_by_Image","/w/images/thumb/4/4a/JavelinShipyardIcon.png/144px-JavelinShipyardIcon.png"
"1599761826-341","https://azurlane.koumakan.jp/List_of_Ships_by_Image","/w/images/thumb/4/4d/Admiral_Hipper_%C2%B5ShipyardIcon.png/144px-Admiral_Hipper_%C2%B5ShipyardIcon.png"
"1599761826-378","https://azurlane.koumakan.jp/List_of_Ships_by_Image","/w/images/thumb/9/92/ValiantShipyardIcon.png/144px-ValiantShipyardIcon.png"
"1599761826-81","https://azurlane.koumakan.jp/List_of_Ships_by_Image","/w/images/thumb/9/91/JunoShipyardIcon.png/144px-JunoShipyardIcon.png"
"1599761826-406","https://azurlane.koumakan.jp/List_of_Ships_by_Image","/w/images/thumb/0/08/Nakiri_AyameShipyardIcon.png/144px-Nakiri_AyameShipyardIcon.png"
"1599761826-282","https://azurlane.koumakan.jp/List_of_Ships_by_Image","/w/images/thumb/a/a4/HobbyShipyardIcon.png/144px-HobbyShipyardIcon.png"
"1599761826-295","https://azurlane.koumakan.jp/List_of_Ships_by_Image","/w/images/thumb/e/e6/MullanyShipyardIcon.png/144px-MullanyShipyardIcon.png"
"1599761826-360","https://azurlane.koumakan.jp/List_of_Ships_by_Image","/w/images/thumb/a/a1/BluegillShipyardIcon.png/144px-BluegillShipyardIcon.png"
"1599761826-367","https://azurlane.koumakan.jp/List_of_Ships_by_Image","/w/images/thumb/7/73/RichelieuShipyardIcon.png/144px-RichelieuShipyardIcon.png"
"1599761826-88","https://azurlane.koumakan.jp/List_of_Ships_by_Image","/w/images/thumb/9/9e/SheffieldShipyardIcon.png/144px-SheffieldShipyardIcon.png"
"1599761826-306","https://azurlane.koumakan.jp/List_of_Ships_by_Image","/w/images/thumb/2/23/U-73ShipyardIcon.png/144px-U-73ShipyardIcon.png"
